"day","new_users","dau","new_active","retained","returned","wau","mau"
"2026-01-01",789,789,789,0,0,789,789
"2026-01-02",804,1051,804,247,0,1593,1593
"2026-01-03",812,1292,812,480,0,2405,2405
"2026-01-04",779,1472,779,693,0,3184,3184
"2026-01-05",870,1714,870,844,0,4054,4054
"2026-01-06",788,1832,788,1044,0,4842,4842
"2026-01-07",841,1960,841,1119,0,5683,5683
"2026-01-08",824,2140,824,1299,17,6313,6507
"2026-01-09",878,2293,878,1380,35,6942,7385
"2026-01-10",873,2399,873,1481,45,7543,8258
"2026-01-11",803,2505,803,1632,70,8053,9061
"2026-01-12",811,2589,811,1694,84,8487,9872
"2026-01-13",898,2821,898,1808,115,8991,10770
"2026-01-14",847,2888,847,1918,123,9468,11617
"2026-01-15",842,2989,842,1996,151,9878,12459
"2026-01-16",870,3088,870,2078,140,10287,13329
"2026-01-17",818,3202,818,2211,173,10657,14147
"2026-01-18",816,3337,816,2303,218,10998,14963
"2026-01-19",865,3503,865,2430,208,11392,15828
"2026-01-20",860,3563,860,2466,237,11784,16688
"2026-01-21",918,3750,918,2605,227,12227,17606
"2026-01-22",883,3808,883,2659,266,12638,18489
"2026-01-23",866,3906,866,2768,272,13026,19355
"2026-01-24",876,4028,876,2870,282,13376,20231
"2026-01-25",885,4180,885,2975,320,13746,21116
"2026-01-26",850,4178,850,3019,309,14073,21966
"2026-01-27",933,4452,933,3187,332,14477,22899
"2026-01-28",895,4416,895,3156,365,14848,23794
"2026-01-29",896,4543,896,3255,392,15236,24690
"2026-01-30",916,4652,916,3368,368,15572,25606
"2026-01-31",891,4667,891,3388,388,15916,26370
"2026-02-01",921,4866,921,3551,394,16277,27098
"2026-02-02",842,4887,842,3608,437,16561,27734
"2026-02-03",942,5023,942,3639,442,16877,28430
"2026-02-04",927,5208,927,3828,453,17272,29038
"2026-02-05",899,5238,899,3879,460,17580,29620
"2026-02-06",930,5210,930,3829,451,17886,30234
"2026-02-07",918,5359,918,3966,475,18210,30780
"2026-02-08",962,5622,962,4115,545,18574,31383
"2026-02-09",933,5580,933,4109,538,18935,31927
"2026-02-10",938,5802,938,4319,545,19232,32460
"2026-02-11",924,5757,924,4236,597,19551,32995
"2026-02-12",947,5824,947,4357,520,19821,33533
"2026-02-13",919,5898,919,4394,585,20189,34048
"2026-02-14",958,6043,958,4536,549,20491,34586
"2026-02-15",946,6094,946,4579,569,20708,35140
"2026-02-16",907,6072,907,4570,595,20907,35599
"2026-02-17",959,6264,959,4665,640,21165,36095
"2026-02-18",1002,6526,1002,4851,673,21525,36643
"2026-02-19",952,6470,952,4852,666,21853,37139
"2026-02-20",1022,6644,1022,4976,646,22224,37684
"2026-02-21",951,6568,951,4903,714,22538,38170
"2026-02-22",893,6491,893,4952,646,22729,38567
"2026-02-23",1027,6956,1027,5189,740,23105,39119
"2026-02-24",966,6893,966,5250,677,23352,39585
"2026-02-25",963,7065,963,5302,800,23660,40041
"2026-02-26",1045,7108,1045,5363,700,23946,40554
"2026-02-27",960,7134,960,5433,741,24186,41058
"2026-02-28",1021,7193,1021,5374,798,24538,41581
"2026-03-01",978,7361,978,5610,773,24865,42027
"2026-03-02",949,7527,949,5764,814,25068,42469
"2026-03-03",916,7374,916,5671,787,25268,42819
"2026-03-04",1011,7446,1011,5634,801,25520,43302
"2026-03-05",978,7615,978,5850,787,25686,43724
"2026-03-06",1059,7794,1059,5899,836,26063,44223
"2026-03-07",980,7684,980,5897,807,26335,44620
"2026-03-08",1073,7898,1073,5957,868,26623,45172
"2026-03-09",981,7960,981,6102,877,26830,45576
"2026-03-10",1005,7996,1005,6122,869,27094,45975
"2026-03-11",992,8114,992,6221,901,27399,46393
"2026-03-12",1049,8231,1049,6311,871,27652,46835
"2026-03-13",1031,8326,1031,6330,965,27947,47298
"2026-03-14",1052,8250,1052,6273,925,28239,47752
"2026-03-15",1007,8411,1007,6488,916,28489,48157
"2026-03-16",1005,8462,1005,6490,967,28735,48546
"2026-03-17",1037,8628,1037,6583,1008,29036,48966
"2026-03-18",1023,8534,1023,6571,940,29260,49371
"2026-03-19",1061,8583,1061,6518,1004,29513,49786
"2026-03-20",1018,8631,1018,6623,990,29659,50177
"2026-03-21",1030,8793,1030,6799,964,29865,50552
"2026-03-22",1046,8826,1046,6728,1052,30178,50952
"2026-03-23",1038,8910,1038,6830,1042,30398,51366
"2026-03-24",1075,9087,1075,6957,1055,30696,51829
"2026-03-25",1079,9136,1079,7016,1041,30905,52201
"2026-03-26",1080,9255,1080,7115,1060,31195,52642
"2026-03-27",1099,9420,1099,7212,1109,31480,53087
"2026-03-28",1080,9439,1080,7297,1062,31805,53505
"2026-03-29",1044,9457,1044,7337,1076,31961,53891
"2026-03-30",1129,9610,1129,7410,1071,32273,54390
"2026-03-31",1069,9525,1069,7342,1114,32509,54776
"2026-04-01",1055,9604,1055,7430,1119,32754,55061
"2026-04-02",1154,9847,1154,7556,1137,33096,55535
"2026-04-03",1067,9800,1067,7583,1150,33256,55929
"2026-04-04",1066,9913,1066,7672,1175,33533,56308
"2026-04-05",1061,10016,1061,7728,1227,33837,56717
"2026-04-06",1106,9943,1106,7668,1169,34031,57136
"2026-04-07",1087,10148,1087,7806,1255,34337,57549
"2026-04-08",1103,10078,1103,7787,1188,34505,57977
"2026-04-09",1107,10342,1107,8080,1155,34731,58365
"2026-04-10",1149,10296,1149,7963,1184,34999,58803
"2026-04-11",1092,10199,1092,7944,1163,35104,59132
"2026-04-12",1168,10373,1168,7981,1224,35331,59520
"2026-04-13",1155,10540,1155,8119,1266,35655,59982
"2026-04-14",1140,10704,1140,8347,1217,35853,60402
"2026-04-15",1127,10635,1127,8251,1257,36132,60773
"2026-04-16",1113,10791,1113,8339,1339,36310,61148
"2026-04-17",1144,10761,1144,8314,1303,36545,61543
"2026-04-18",1124,10920,1124,8486,1310,36815,61923
"2026-04-19",1106,10939,1106,8543,1290,36970,62276
"2026-04-20",1116,11094,1116,8649,1329,37126,62667
"2026-04-21",1188,11121,1188,8537,1396,37542,63105
"2026-04-22",1170,11152,1170,8621,1361,37904,63513
"2026-04-23",1164,11337,1164,8830,1343,38047,63920
"2026-04-24",1185,11324,1185,8713,1426,38475,64373
"2026-04-25",1175,11499,1175,8921,1403,38766,64786
"2026-04-26",1217,11628,1217,9075,1336,39086,65222
"2026-04-27",1172,11586,1172,9050,1364,39267,65576
"2026-04-28",1188,11686,1188,9089,1409,39583,66034
"2026-04-29",1182,11714,1182,9121,1411,39875,66440
"2026-04-30",1194,11750,1194,9142,1414,40068,66815
"2026-05-01",1621,14024,1621,9142,3261,42535,68968
"2026-05-02",1671,15034,1671,10066,3297,45072,71260
"2026-05-03",1673,15330,1673,10486,3171,47414,73554
"2026-05-04",1651,16218,1651,11207,3360,50005,75835
"2026-05-05",1727,16758,1727,11813,3218,52479,78182
"2026-05-06",1678,15697,1678,12501,1518,53191,79167
"2026-05-07",1663,15747,1663,12563,1521,53900,80121
"2026-05-08",1695,15840,1695,12547,1598,54226,81145
"2026-05-09",1204,15447,1204,12651,1592,53850,81618
"2026-05-10",1170,15341,1170,12371,1800,53563,82077
"2026-05-11",1169,15268,1169,12292,1807,53209,82548
"2026-05-12",1231,15390,1231,12276,1883,52816,83098
"2026-05-13",1304,15291,1304,12128,1859,52688,83645
"2026-05-14",1266,15276,1266,12076,1934,52602,84221
"2026-05-15",1240,15416,1240,12196,1980,52456,84755
"2026-05-16",1241,15199,1241,11984,1974,52455,85241
"2026-05-17",1215,15480,1215,12258,2007,52489,85775
"2026-05-18",1303,15512,1303,12272,1937,52600,86318
"2026-05-19",1258,15547,1258,12269,2020,52647,86764
"2026-05-20",1210,15582,1210,12350,2022,52780,87143
"2026-05-21",1336,15603,1336,12327,1940,52884,87685
"2026-05-22",1247,15576,1247,12370,1959,52950,88128
"2026-05-23",1285,15674,1285,12412,1977,53192,88521
"2026-05-24",1243,15558,1243,12400,1915,53179,88900
"2026-05-25",1252,15630,1252,12448,1930,53091,89276
"2026-05-26",1238,15609,1238,12352,2019,53112,89512
"2026-05-27",1234,15578,1234,12334,2010,53117,89862
"2026-05-28",1234,15561,1234,12383,1944,53087,90205
"2026-05-29",1299,15737,1299,12389,2049,53307,90594
"2026-05-30",1312,15824,1312,12499,2013,53432,91035
"2026-05-31",1329,15695,1329,12346,2020,53630,91283
"2026-06-01",1303,15778,1303,12468,2007,53710,91302
"2026-06-02",1244,15920,1244,12649,2027,53850,91311
"2026-06-03",1256,15794,1256,12580,1958,53906,91267
"2026-06-04",1272,15765,1272,12469,2024,53959,91172
"2026-06-05",1314,16202,1314,12802,2086,54120,91181
"2026-06-06",1230,15805,1230,12565,2010,54158,91173
"2026-06-07",1375,16000,1375,12605,2020,54317,91341
"2026-06-08",1348,16062,1348,12652,2062,54504,91561
"2026-06-09",1287,16055,1287,12699,2069,54569,91708
"2026-06-10",1293,16138,1293,12759,2086,54753,91898
"2026-06-11",1308,16234,1308,12862,2064,54920,92043
"2026-06-12",1382,16355,1382,12858,2115,55040,92347
"2026-06-13",1308,16280,1308,12884,2088,55227,92510
"2026-06-14",1409,16552,1409,13000,2143,55549,92818
"2026-06-15",1298,16406,1298,12996,2112,55653,93054
"2026-06-16",1332,16550,1332,13012,2206,55921,93282
"2026-06-17",1340,16563,1340,13130,2093,56160,93419
"2026-06-18",1353,16579,1353,13080,2146,56286,93615
"2026-06-19",1375,16717,1375,13218,2124,56354,93867
"2026-06-20",1375,16753,1375,13216,2162,56578,94091
"2026-06-21",1387,16663,1387,13089,2187,56810,94404
"2026-06-22",1308,16672,1308,13197,2167,56879,94616
"2026-06-23",1394,16979,1394,13422,2163,57102,94943
"2026-06-24",1320,16714,1320,13180,2214,57351,95124
"2026-06-25",1396,16993,1396,13422,2175,57505,95376
"2026-06-26",1390,17020,1390,13453,2177,57614,95669
"2026-06-27",1415,17073,1415,13435,2223,57793,95979
"2026-06-28",1308,16922,1308,13418,2196,57855,96167
"2026-06-29",1361,17099,1361,13508,2230,58034,96395
