"feature","coefficient","odds_ratio_per_sd"
"sessions_d0_7",0.20552107750700732,1.2281648673426555
"active_days_d0_7",-0.6386399660244036,0.5280100475403755
"total_minutes_d0_7",-0.09968555812690577,0.9051219815455294
"avg_session_minutes",0.1190758549645498,1.126455362279209
"tutorial_completed",0.005019950933647364,1.0050325719975384
"core_loop_unlocked",0.09664182462369802,1.1014657850372325
"chapter_reached_d7",-0.29995209604109935,0.7408537096573387
"boss_attempts_d0_7",0.06299831765272215,1.065025047487809
"boss_failure_rate_d0_7",-0.05611271666909295,0.9454325638748358
"social_interactions_d0_7",-0.024059111901806523,0.9762280013585424
"activity_participation_d0_7",0.1256469024867674,1.1338817267717116
"crash_rate_d0_7",0.03635213036151712,1.037020948766943
"fps_quality",0.009935024490549917,1.0099845406920689
"first_purchase_flag_d0_7",0.006649155778096708,1.0066713104905354
"spend_d0_7",-0.013200743685234597,0.9868860040008278
"registration_week",0.006500503555409004,1.006521677684615
"market=DE",0.021099893227815983,1.0213240698999655
"market=JP",0.010131287783271143,1.010182783036834
"market=KR",0.006332438034453529,1.0063525303088212
"market=US",0.011533268808171493,1.0116000333772353
"channel=cross_promo",0.011933562867195071,1.012005051918554
"channel=organic",0.01664212905139541,1.016781380689825
"channel=referral",0.018054935745789633,1.0182189114686406
"channel=store_feature",0.0067580003856818555,1.0067808871976016
"channel=video_ads",0.012932773456056139,1.0130167634546754
"device=PC",0.11830952379769452,1.1255924551055834
"device=iOS",0.06608309428729549,1.0683154843916998
