"dimension","category","step","name","stage_type","n","denominator","conversion","dropoff","overall_conversion","ci_low","ci_high"
"channel","creator",7,"activity_enter","optional",12462,15234,0.8180385978731785,0.18196140212682158,0.3845702823638327,0.8118320944527758,0.8240847462747388
"channel","creator",8,"social_interaction","optional",6556,15234,0.43035315741105423,0.5696468425889458,0.20231445764542508,0.42250926290714164,0.4382321678437576
"channel","cross_promo",7,"activity_enter","optional",8649,10673,0.8103625972079078,0.1896374027920922,0.3751952108276939,0.8028142805555473,0.8176875809314698
"channel","cross_promo",8,"social_interaction","optional",4590,10673,0.43005715356507074,0.5699428464349292,0.19911504424778761,0.4206914233292047,0.4394732137726644
"channel","organic",7,"activity_enter","optional",14612,17879,0.8172716594887858,0.18272834051121428,0.38428361035135705,0.8115391899701729,0.8228678211373428
"channel","organic",8,"social_interaction","optional",7574,17879,0.42362548240953074,0.5763745175904693,0.19918998527245949,0.4163996243758351,0.4308841528533739
"channel","referral",7,"activity_enter","optional",6625,8061,0.8218583302319812,0.17814166976801885,0.38822150600644595,0.8133527509500778,0.8300572933136787
"channel","referral",8,"social_interaction","optional",4144,8061,0.5140801389405781,0.4859198610594219,0.24283621447406972,0.5031653603141365,0.5249815042161917
"channel","store_feature",7,"activity_enter","optional",7189,8744,0.8221637694419031,0.17783623055809697,0.3760330578512397,0.814008199708539,0.8300363942088645
"channel","store_feature",8,"social_interaction","optional",3702,8744,0.4233760292772187,0.5766239707227814,0.19363950203996233,0.41305564750848983,0.4337637071508427
"channel","video_ads",7,"activity_enter","optional",22450,27691,0.8107327290455383,0.18926727095446175,0.36953515933631814,0.8060759829254383,0.8153032737707218
"channel","video_ads",8,"social_interaction","optional",11500,27691,0.4152973890433715,0.5847026109566285,0.18929417961548592,0.4095055487612343,0.421112726957187
"device","Android",7,"activity_enter","optional",29618,36794,0.8049682013371745,0.19503179866282547,0.34506943797185197,0.8008878806479868,0.8089848485748438
"device","Android",8,"social_interaction","optional",15366,36794,0.4176224384410502,0.5823775615589498,0.17902414018081833,0.41259218406234804,0.422669892198734
"device","PC",7,"activity_enter","optional",20611,24840,0.8297504025764896,0.17024959742351048,0.43364191037239636,0.8250254944611377,0.8343733359151384
"device","PC",8,"social_interaction","optional",11101,24840,0.4469001610305958,0.5530998389694042,0.23355775299810647,0.4407261278446931,0.4530906152555013
"device","iOS",7,"activity_enter","optional",21758,26648,0.8164965475833084,0.1835034524166917,0.38135801170820627,0.8118035866902106,0.8210982721199006
"device","iOS",8,"social_interaction","optional",11599,26648,0.43526718703092165,0.5647328129690784,0.20329862936866827,0.4293242217004657,0.4412288128682512
"market","CN",7,"activity_enter","optional",17918,21975,0.8153811149032992,0.1846188850967008,0.37762650424666483,0.810196325851661,0.8204556594210758
"market","CN",8,"social_interaction","optional",9412,21975,0.4283048919226394,0.5716951080773607,0.19836034479124956,0.42177550254148255,0.43485934302562
"market","DE",7,"activity_enter","optional",10815,13281,0.8143212107522024,0.1856787892477976,0.37701317715959004,0.807617451851611,0.8208431907446574
"market","DE",8,"social_interaction","optional",5735,13281,0.43181989308034036,0.5681801069196597,0.19992330753677753,0.4234166347434704,0.44026258148100667
"market","JP",7,"activity_enter","optional",13017,15906,0.8183704262542437,0.1816295737457563,0.3810262564763048,0.8123022814560906,0.8242848288689378
"market","JP",8,"social_interaction","optional",6871,15906,0.43197535521186975,0.5680246447881303,0.20112402306589,0.4242946426702843,0.43968891709044217
"market","KR",7,"activity_enter","optional",8761,10717,0.8174862368200057,0.1825137631799944,0.38028474693983855,0.8100598352283205,0.8246851170348352
"market","KR",8,"social_interaction","optional",4686,10717,0.43724923019501727,0.5627507698049827,0.20340307318343606,0.42788189036178786,0.4466615393525481
"market","US",7,"activity_enter","optional",21476,26403,0.8133924175283112,0.18660758247168882,0.3762438682550806,0.8086476160420961,0.8180460393050155
"market","US",8,"social_interaction","optional",11362,26403,0.43032988675529293,0.5696701132447071,0.19905395935529083,0.4243682533653583,0.4363117902613244
"overall","all",7,"activity_enter","optional",71987,88282,0.815421037131012,0.184578962868988,0.37805121418368204,0.8128481914065203,0.8179664339032074
"overall","all",8,"social_interaction","optional",38066,88282,0.43118642531886453,0.5688135746811355,0.19990967145618016,0.42792263671671193,0.43445620229942694
