feature,importance,std
active_days_d0_7,0.15029658543103172,0.006989096627239521
device=PC,0.004123750905960659,0.00042569553889128264
boss_attempts_d0_7,0.0031261212604400956,0.00013104911371035686
device=iOS,0.0020029405144735466,0.0006646432456393821
total_minutes_d0_7,0.001496171115133782,0.0022546706743099263
fps_quality,0.0013597132241199479,0.0001344138770114561
crash_rate_d0_7,0.0013030197814192235,0.000632479172888976
avg_session_minutes,0.000978385583967382,0.001452490772052275
tutorial_completed,0.000549357819652152,0.0008745705553494295
chapter_reached_d7,0.00046347026084507065,0.00011796192026079639
spend_d0_7,0.0004334014146681516,0.0003068002789466026
boss_failure_rate_d0_7,0.0003078503142222022,0.00022673194681463397
channel=organic,0.00021791712883848882,0.000233441654266381
sessions_d0_7,0.00021499225016489523,0.00034000000901845197
market=JP,0.00014126890640205522,9.18569645263404e-05
channel=video_ads,8.82110605572306e-05,0.0002682011921244076
market=DE,5.2183115774299495e-05,0.0001330898674080542
market=KR,2.4683789179783904e-05,5.260172615150157e-05
channel=referral,1.5198434976696854e-05,0.0001000000611372371
registration_week,0.0,0.0
first_purchase_flag_d0_7,-4.526728115361589e-05,5.1791065931660135e-05
core_loop_unlocked,-8.411076335127869e-05,5.930030961912039e-05
channel=store_feature,-0.00016212575152296793,0.0002158302663777011
channel=cross_promo,-0.0002836858960218643,0.00034731097927172044
market=US,-0.00030128983869263476,0.00027280993572239594
activity_participation_d0_7,-0.0003043513939397317,0.0005334935097924135
social_interactions_d0_7,-0.0012308545505945734,0.0001157793893772086
