day,new_users,new_active,retained,returned,dau,wau,mau,dau_mau
2026-01-01,789,789,0,0,789,789,789,1.0
2026-01-02,804,804,247,0,1051,1593,1593,0.6597614563716259
2026-01-03,812,812,480,0,1292,2405,2405,0.5372141372141372
2026-01-04,779,779,693,0,1472,3184,3184,0.4623115577889447
2026-01-05,870,870,844,0,1714,4054,4054,0.4227923038973853
2026-01-06,788,788,1044,0,1832,4842,4842,0.37835605121850474
2026-01-07,841,841,1119,0,1960,5683,5683,0.34488826324124583
2026-01-08,824,824,1299,17,2140,6313,6507,0.3288765944367604
2026-01-09,878,878,1380,35,2293,6942,7385,0.3104942450914015
2026-01-10,873,873,1481,45,2399,7543,8258,0.29050617582949867
2026-01-11,803,803,1632,70,2505,8053,9061,0.276459551925836
2026-01-12,811,811,1694,84,2589,8487,9872,0.2622568881685575
2026-01-13,898,898,1808,115,2821,8991,10770,0.2619312906220984
2026-01-14,847,847,1918,123,2888,9468,11617,0.24860118791426358
2026-01-15,842,842,1996,151,2989,9878,12459,0.239906894614335
2026-01-16,870,870,2078,140,3088,10287,13329,0.23167529447070298
2026-01-17,818,818,2211,173,3202,10657,14147,0.22633773945006008
2026-01-18,816,816,2303,218,3337,10998,14963,0.22301677471095369
2026-01-19,865,865,2430,208,3503,11392,15828,0.22131665403083145
2026-01-20,860,860,2466,237,3563,11784,16688,0.21350671140939598
2026-01-21,918,918,2605,227,3750,12227,17606,0.21299556969215042
2026-01-22,883,883,2659,266,3808,12638,18489,0.20596030071934665
2026-01-23,866,866,2768,272,3906,13026,19355,0.20180831826401446
2026-01-24,876,876,2870,282,4028,13376,20231,0.19910039048984232
2026-01-25,885,885,2975,320,4180,13746,21116,0.19795415798446675
2026-01-26,850,850,3019,309,4178,14073,21966,0.19020304106346173
2026-01-27,933,933,3187,332,4452,14477,22899,0.19441897026071006
2026-01-28,895,895,3156,365,4416,14848,23794,0.1855930066403295
2026-01-29,896,896,3255,392,4543,15236,24690,0.1840016200891049
2026-01-30,916,916,3368,368,4652,15572,25606,0.1816761696477388
2026-01-31,891,891,3388,388,4667,15916,26370,0.1769814182783466
2026-02-01,921,921,3551,394,4866,16277,27098,0.1795704480035427
2026-02-02,842,842,3608,437,4887,16561,27734,0.17620970649743997
2026-02-03,942,942,3639,442,5023,16877,28430,0.17667956384101302
2026-02-04,927,927,3828,453,5208,17272,29038,0.17935119498588056
2026-02-05,899,899,3879,460,5238,17580,29620,0.17683997299122214
2026-02-06,930,930,3829,451,5210,17886,30234,0.17232255077065556
2026-02-07,918,918,3966,475,5359,18210,30780,0.17410656270305394
2026-02-08,962,962,4115,545,5622,18574,31383,0.17914157346334003
2026-02-09,933,933,4109,538,5580,18935,31927,0.1747737025088483
2026-02-10,938,938,4319,545,5802,19232,32460,0.1787430683918669
2026-02-11,924,924,4236,597,5757,19551,32995,0.17448098196696468
2026-02-12,947,947,4357,520,5824,19821,33533,0.17367965884352726
2026-02-13,919,919,4394,585,5898,20189,34048,0.17322603383458646
2026-02-14,958,958,4536,549,6043,20491,34586,0.17472387671312092
2026-02-15,946,946,4579,569,6094,20708,35140,0.1734206033010814
2026-02-16,907,907,4570,595,6072,20907,35599,0.1705665889491278
2026-02-17,959,959,4665,640,6264,21165,36095,0.17354204183404903
2026-02-18,1002,1002,4851,673,6526,21525,36643,0.17809677155254755
2026-02-19,952,952,4852,666,6470,21853,37139,0.1742103987721802
2026-02-20,1022,1022,4976,646,6644,22224,37684,0.1763082475321091
2026-02-21,951,951,4903,714,6568,22538,38170,0.17207230809536286
2026-02-22,893,893,4952,646,6491,22729,38567,0.16830450903622268
2026-02-23,1027,1027,5189,740,6956,23105,39119,0.17781640634985557
2026-02-24,966,966,5250,677,6893,23352,39585,0.17413161551092585
2026-02-25,963,963,5302,800,7065,23660,40041,0.1764441447516296
2026-02-26,1045,1045,5363,700,7108,23946,40554,0.17527247620456676
2026-02-27,960,960,5433,741,7134,24186,41058,0.1737542013736665
2026-02-28,1021,1021,5374,798,7193,24538,41581,0.1729876626343763
2026-03-01,978,978,5610,773,7361,24865,42027,0.17514930877769053
2026-03-02,949,949,5764,814,7527,25068,42469,0.17723515976359228
2026-03-03,916,916,5671,787,7374,25268,42819,0.17221326981013102
2026-03-04,1011,1011,5634,801,7446,25520,43302,0.17195510599972288
2026-03-05,978,978,5850,787,7615,25686,43724,0.17416064403988657
2026-03-06,1059,1059,5899,836,7794,26063,44223,0.1762431314022115
2026-03-07,980,980,5897,807,7684,26335,44620,0.17220977140295832
2026-03-08,1073,1073,5957,868,7898,26623,45172,0.1748428229876915
2026-03-09,981,981,6102,877,7960,26830,45576,0.1746533263120941
2026-03-10,1005,1005,6122,869,7996,27094,45975,0.1739206090266449
2026-03-11,992,992,6221,901,8114,27399,46393,0.1748970749897614
2026-03-12,1049,1049,6311,871,8231,27652,46835,0.17574463542222696
2026-03-13,1031,1031,6330,965,8326,27947,47298,0.17603281322677491
2026-03-14,1052,1052,6273,925,8250,28239,47752,0.1727676327693081
2026-03-15,1007,1007,6488,916,8411,28489,48157,0.17465788981871794
2026-03-16,1005,1005,6490,967,8462,28735,48546,0.17430890289622214
2026-03-17,1037,1037,6583,1008,8628,29036,48966,0.1762038965813013
2026-03-18,1023,1023,6571,940,8534,29260,49371,0.17285450973243402
2026-03-19,1061,1061,6518,1004,8583,29513,49786,0.1723978628530109
2026-03-20,1018,1018,6623,990,8631,29659,50177,0.17201108077405983
2026-03-21,1030,1030,6799,964,8793,29865,50552,0.1739397056496281
2026-03-22,1046,1046,6728,1052,8826,30178,50952,0.1732218558643429
2026-03-23,1038,1038,6830,1042,8910,30398,51366,0.17346104427052914
2026-03-24,1075,1075,6957,1055,9087,30696,51829,0.17532655463157693
2026-03-25,1079,1079,7016,1041,9136,30905,52201,0.17501580429493688
2026-03-26,1080,1080,7115,1060,9255,31195,52642,0.17581018958246267
2026-03-27,1099,1099,7212,1109,9420,31480,53087,0.17744457211746756
2026-03-28,1080,1080,7297,1062,9439,31805,53505,0.17641341930660687
2026-03-29,1044,1044,7337,1076,9457,31961,53891,0.17548384702454956
2026-03-30,1129,1129,7410,1071,9610,32273,54390,0.17668689097260526
2026-03-31,1069,1069,7342,1114,9525,32509,54776,0.173890024828392
2026-04-01,1055,1055,7430,1119,9604,32754,55061,0.17442472893699715
2026-04-02,1154,1154,7556,1137,9847,33096,55535,0.17731160529395876
2026-04-03,1067,1067,7583,1150,9800,33256,55929,0.1752221566629119
2026-04-04,1066,1066,7672,1175,9913,33533,56308,0.17604958442850038
2026-04-05,1061,1061,7728,1227,10016,33837,56717,0.17659608230336582
2026-04-06,1106,1106,7668,1169,9943,34031,57136,0.1740233828059367
2026-04-07,1087,1087,7806,1255,10148,34337,57549,0.17633668699716762
2026-04-08,1103,1103,7787,1188,10078,34505,57977,0.17382755230522448
2026-04-09,1107,1107,8080,1155,10342,34731,58365,0.17719523687141267
2026-04-10,1149,1149,7963,1184,10296,34999,58803,0.1750931074945156
2026-04-11,1092,1092,7944,1163,10199,35104,59132,0.17247852262734223
2026-04-12,1168,1168,7981,1224,10373,35331,59520,0.17427755376344087
2026-04-13,1155,1155,8119,1266,10540,35655,59982,0.17571938248141108
2026-04-14,1140,1140,8347,1217,10704,35853,60402,0.1772126750769842
2026-04-15,1127,1127,8251,1257,10635,36132,60773,0.17499547496421108
2026-04-16,1113,1113,8339,1339,10791,36310,61148,0.17647347419375942
2026-04-17,1144,1144,8314,1303,10761,36545,61543,0.17485335456510082
2026-04-18,1124,1124,8486,1310,10920,36815,61923,0.17634804515285113
2026-04-19,1106,1106,8543,1290,10939,36970,62276,0.17565354229558738
2026-04-20,1116,1116,8649,1329,11094,37126,62667,0.17703097323950404
2026-04-21,1188,1188,8537,1396,11121,37542,63105,0.17623009270263845
2026-04-22,1170,1170,8621,1361,11152,37904,63513,0.17558610048336562
2026-04-23,1164,1164,8830,1343,11337,38047,63920,0.17736232790988735
2026-04-24,1185,1185,8713,1426,11324,38475,64373,0.17591226135180899
2026-04-25,1175,1175,8921,1403,11499,38766,64786,0.17749205075170563
2026-04-26,1217,1217,9075,1336,11628,39086,65222,0.17828340130630768
2026-04-27,1172,1172,9050,1364,11586,39267,65576,0.17668049286324264
2026-04-28,1188,1188,9089,1409,11686,39583,66034,0.17696943998546202
2026-04-29,1182,1182,9121,1411,11714,39875,66440,0.1763094521372667
2026-04-30,1194,1194,9142,1414,11750,40068,66815,0.17585871436054779
2026-05-01,1621,1621,9142,3261,14024,42535,68968,0.20334067973552952
2026-05-02,1671,1671,10066,3297,15034,45072,71260,0.21097389840022454
2026-05-03,1673,1673,10486,3171,15330,47414,73554,0.20841830491883515
2026-05-04,1651,1651,11207,3360,16218,50005,75835,0.21385903606514142
2026-05-05,1727,1727,11813,3218,16758,52479,78182,0.21434601314880664
2026-05-06,1678,1678,12501,1518,15697,53191,79167,0.19827705988606364
2026-05-07,1663,1663,12563,1521,15747,53900,80121,0.19654023289774217
2026-05-08,1695,1695,12547,1598,15840,54226,81145,0.1952061125146343
2026-05-09,1204,1204,12651,1592,15447,53850,81618,0.18925972212012057
2026-05-10,1170,1170,12371,1800,15341,53563,82077,0.1869098529429682
2026-05-11,1169,1169,12292,1807,15268,53209,82548,0.1849590541260842
2026-05-12,1231,1231,12276,1883,15390,52816,83098,0.18520301330958627
2026-05-13,1304,1304,12128,1859,15291,52688,83645,0.18280829696933468
2026-05-14,1266,1266,12076,1934,15276,52602,84221,0.18137994086985432
2026-05-15,1240,1240,12196,1980,15416,52456,84755,0.1818889741018229
2026-05-16,1241,1241,11984,1974,15199,52455,85241,0.1783062141457749
2026-05-17,1215,1215,12258,2007,15480,52489,85775,0.1804721655494025
2026-05-18,1303,1303,12272,1937,15512,52600,86318,0.17970759285432933
2026-05-19,1258,1258,12269,2020,15547,52647,86764,0.17918722050620073
2026-05-20,1210,1210,12350,2022,15582,52780,87143,0.1788095429351755
2026-05-21,1336,1336,12327,1940,15603,52884,87685,0.17794377601642242
2026-05-22,1247,1247,12370,1959,15576,52950,88128,0.17674291938997821
2026-05-23,1285,1285,12412,1977,15674,53192,88521,0.17706532913094067
2026-05-24,1243,1243,12400,1915,15558,53179,88900,0.17500562429696287
2026-05-25,1252,1252,12448,1930,15630,53091,89276,0.1750750481652404
2026-05-26,1238,1238,12352,2019,15609,53112,89512,0.17437885423183483
2026-05-27,1234,1234,12334,2010,15578,53117,89862,0.17335469942801185
2026-05-28,1234,1234,12383,1944,15561,53087,90205,0.1725070672357408
2026-05-29,1299,1299,12389,2049,15737,53307,90594,0.17370907565622448
2026-05-30,1312,1312,12499,2013,15824,53432,91035,0.1738232547921129
2026-05-31,1329,1329,12346,2020,15695,53630,91283,0.17193781974737904
2026-06-01,1303,1303,12468,2007,15778,53710,91302,0.1728111103809336
2026-06-02,1244,1244,12649,2027,15920,53850,91311,0.1743492021771747
2026-06-03,1256,1256,12580,1958,15794,53906,91267,0.17305269155335445
2026-06-04,1272,1272,12469,2024,15765,53959,91172,0.1729149300223753
2026-06-05,1314,1314,12802,2086,16202,54120,91181,0.17769052763185314
2026-06-06,1230,1230,12565,2010,15805,54158,91173,0.17335175984118106
2026-06-07,1375,1375,12605,2020,16000,54317,91341,0.17516777788725763
2026-06-08,1348,1348,12652,2062,16062,54504,91561,0.17542403425039044
2026-06-09,1287,1287,12699,2069,16055,54569,91708,0.1750665154621189
2026-06-10,1293,1293,12759,2086,16138,54753,91898,0.17560773901499488
2026-06-11,1308,1308,12862,2064,16234,54920,92043,0.17637408602501006
2026-06-12,1382,1382,12858,2115,16355,55040,92347,0.1771037499864641
2026-06-13,1308,1308,12884,2088,16280,55227,92510,0.1759809750297265
2026-06-14,1409,1409,13000,2143,16552,55549,92818,0.17832747958370143
2026-06-15,1298,1298,12996,2112,16406,55653,93054,0.17630623079072366
2026-06-16,1332,1332,13012,2206,16550,55921,93282,0.1774190090263931
2026-06-17,1340,1340,13130,2093,16563,56160,93419,0.17729798006829445
2026-06-18,1353,1353,13080,2146,16579,56286,93615,0.17709768733643114
2026-06-19,1375,1375,13218,2124,16717,56354,93867,0.17809240734230347
2026-06-20,1375,1375,13216,2162,16753,56578,94091,0.1780510356994824
2026-06-21,1387,1387,13089,2187,16663,56810,94404,0.17650735138341594
2026-06-22,1308,1308,13197,2167,16672,56879,94616,0.17620698401961613
2026-06-23,1394,1394,13422,2163,16979,57102,94943,0.17883361595904912
2026-06-24,1320,1320,13180,2214,16714,57351,95124,0.17570749758210336
2026-06-25,1396,1396,13422,2175,16993,57505,95376,0.17816851199463177
2026-06-26,1390,1390,13453,2177,17020,57614,95669,0.1779050685174926
2026-06-27,1415,1415,13435,2223,17073,57793,95979,0.1778826618322758
2026-06-28,1308,1308,13418,2196,16922,57855,96167,0.17596472802520616
2026-06-29,1361,1361,13508,2230,17099,58034,96395,0.1773847191244359
