dimension,category,step,name,stage_type,denominator,n,conversion,dropoff,ci_low,ci_high
overall,all,1,Register,core,190416,190416,1.0,0.0,0.9999798263731802,1.0
overall,all,2,tutorial_start,core,190416,190416,1.0,0.0,0.9999798263731802,1.0
overall,all,3,tutorial_complete,core,190416,180389,0.9473416099487438,0.052658390051256165,0.9463293643439104,0.9483358065481771
overall,all,4,core_loop_unlock,core,180389,169002,0.9368753083613746,0.06312469163862544,0.935743744054442,0.9379882661815611
overall,all,5,chapter_2,core,169002,121528,0.7190920817505119,0.28090791824948813,0.7169443461892019,0.7212298574997501
overall,all,6,chapter_3,core,121528,88282,0.7264334145217562,0.27356658547824375,0.7239199503406389,0.7289325641886347
overall,all,7,activity_enter,optional,88282,71987,0.815421037131012,0.184578962868988,0.8128481914065203,0.8179664339032074
overall,all,8,social_interaction,optional,88282,38066,0.43118642531886453,0.5688135746811355,0.42792263671671193,0.43445620229942694
device,Android,1,Register,core,85832,85832,1.0,0.0,0.9999552464476911,0.9999999999999998
device,Android,2,tutorial_start,core,85832,85832,1.0,0.0,0.9999552464476911,0.9999999999999998
device,Android,3,tutorial_complete,core,85832,80915,0.9427136732221083,0.057286326777891694,0.941139096434735,0.9442486239904169
device,Android,4,core_loop_unlock,core,80915,75448,0.932435271581289,0.06756472841871097,0.9306852320053176,0.9341442531722857
device,Android,5,chapter_2,core,75448,52753,0.6991967977945075,0.3008032022054925,0.6959143328935989,0.702458979392023
device,Android,6,chapter_3,core,52753,36794,0.6974769207438439,0.30252307925615607,0.6935428147892719,0.7013822683634552
device,Android,7,activity_enter,optional,36794,29618,0.8049682013371745,0.1950317986628255,0.8008878806479868,0.8089848485748438
device,Android,8,social_interaction,optional,36794,15366,0.4176224384410502,0.5823775615589498,0.41259218406234804,0.422669892198734
device,PC,1,Register,core,47530,47530,1.0,0.0,0.9999191847596828,0.9999999999999999
device,PC,2,tutorial_start,core,47530,47530,1.0,0.0,0.9999191847596828,0.9999999999999999
device,PC,3,tutorial_complete,core,47530,45300,0.9530822638333684,0.04691773616663164,0.9511443029976413,0.954946992765025
device,PC,4,core_loop_unlock,core,45300,42625,0.9409492273730684,0.05905077262693159,0.9387409325300595,0.9430827432020059
device,PC,5,chapter_2,core,42625,31727,0.7443284457478005,0.25567155425219945,0.7401652304786491,0.7484476261508405
device,PC,6,chapter_3,core,31727,24840,0.78292936615501,0.21707063384499004,0.7783590252542169,0.7874312020014597
device,PC,7,activity_enter,optional,24840,20611,0.8297504025764896,0.17024959742351042,0.8250254944611377,0.8343733359151384
device,PC,8,social_interaction,optional,24840,11101,0.4469001610305958,0.5530998389694042,0.4407261278446931,0.4530906152555013
device,iOS,1,Register,core,57054,57054,1.0,0.0,0.999932674305188,1.0
device,iOS,2,tutorial_start,core,57054,57054,1.0,0.0,0.999932674305188,1.0
device,iOS,3,tutorial_complete,core,57054,54174,0.9495215059417395,0.05047849405826055,0.9476946157370024,0.9512878674510356
device,iOS,4,core_loop_unlock,core,54174,50929,0.9401004171742903,0.05989958282570973,0.9380707807602423,0.9420676432898093
device,iOS,5,chapter_2,core,50929,37048,0.727444088829547,0.27255591117045297,0.7235598735243272,0.731293995540303
device,iOS,6,chapter_3,core,37048,26648,0.7192830922047074,0.28071690779529257,0.7146849184295591,0.7238357963386389
device,iOS,7,activity_enter,optional,26648,21758,0.8164965475833084,0.18350345241669164,0.8118035866902106,0.8210982721199006
device,iOS,8,social_interaction,optional,26648,11599,0.43526718703092165,0.5647328129690783,0.4293242217004657,0.4412288128682512
market,CN,1,Register,core,47449,47449,1.0,0.0,0.9999190468114744,1.0
market,CN,2,tutorial_start,core,47449,47449,1.0,0.0,0.9999190468114744,1.0
market,CN,3,tutorial_complete,core,47449,44948,0.9472907753588063,0.05270922464119365,0.9452437495571164,0.9492653819315695
market,CN,4,core_loop_unlock,core,44948,42173,0.938261991634778,0.06173800836522203,0.9359993124079683,0.9404497655701066
market,CN,5,chapter_2,core,42173,30249,0.7172598582031158,0.2827401417968842,0.7129422557190445,0.7215378847127988
market,CN,6,chapter_3,core,30249,21975,0.7264702965387285,0.2735297034612715,0.7214183069574163,0.7314647724270247
market,CN,7,activity_enter,optional,21975,17918,0.8153811149032992,0.18461888509670077,0.8101963258516609,0.8204556594210757
market,CN,8,social_interaction,optional,21975,9412,0.4283048919226394,0.5716951080773607,0.42177550254148255,0.43485934302562
market,DE,1,Register,core,28686,28686,1.0,0.0,0.999866103867245,1.0
market,DE,2,tutorial_start,core,28686,28686,1.0,0.0,0.999866103867245,1.0
market,DE,3,tutorial_complete,core,28686,27136,0.9459666736387088,0.05403332636129121,0.9432901883855674,0.9485237324659744
market,DE,4,core_loop_unlock,core,27136,25451,0.9379053655660378,0.06209463443396224,0.9349715964622991,0.9407151696545986
market,DE,5,chapter_2,core,25451,18276,0.7180857333700051,0.28191426662999486,0.7125254676121916,0.723580175314657
market,DE,6,chapter_3,core,18276,13281,0.7266907419566645,0.2733092580433355,0.720182461601428,0.7331037454297441
market,DE,7,activity_enter,optional,13281,10815,0.8143212107522024,0.18567878924779757,0.807617451851611,0.8208431907446574
market,DE,8,social_interaction,optional,13281,5735,0.43181989308034036,0.5681801069196597,0.42341663474347035,0.4402625814810066
market,JP,1,Register,core,34163,34163,1.0,0.0,0.9998875676340957,1.0
market,JP,2,tutorial_start,core,34163,34163,1.0,0.0,0.9998875676340957,1.0
market,JP,3,tutorial_complete,core,34163,32361,0.9472528759183912,0.052747124081608754,0.9448318948290871,0.9495732856097013
market,JP,4,core_loop_unlock,core,32361,30309,0.9365903402243441,0.06340965977565594,0.9338830184723866,0.9391940221166334
market,JP,5,chapter_2,core,30309,21827,0.7201491306212676,0.2798508693787324,0.7150674563801948,0.7251750071357669
market,JP,6,chapter_3,core,21827,15906,0.7287304714344619,0.2712695285655381,0.7227921934829742,0.7345882523800316
market,JP,7,activity_enter,optional,15906,13017,0.8183704262542437,0.18162957374575628,0.8123022814560906,0.8242848288689378
market,JP,8,social_interaction,optional,15906,6871,0.43197535521186975,0.5680246447881303,0.4242946426702844,0.4396889170904422
market,KR,1,Register,core,23038,23038,1.0,0.0,0.9998332833411966,1.0
market,KR,2,tutorial_start,core,23038,23038,1.0,0.0,0.9998332833411966,1.0
market,KR,3,tutorial_complete,core,23038,21900,0.9506033509853286,0.049396649014671445,0.9477292826905799,0.9533271731098334
market,KR,4,core_loop_unlock,core,21900,20489,0.9355707762557077,0.06442922374429227,0.9322421094104703,0.9387466637627975
market,KR,5,chapter_2,core,20489,14780,0.7213626824149544,0.2786373175850456,0.7151828123909213,0.7274595619341672
market,KR,6,chapter_3,core,14780,10717,0.7251014884979702,0.2748985115020298,0.7178459500902508,0.7322400453889504
market,KR,7,activity_enter,optional,10717,8761,0.8174862368200057,0.18251376317999435,0.8100598352283205,0.8246851170348352
market,KR,8,social_interaction,optional,10717,4686,0.43724923019501727,0.5627507698049827,0.4278818903617879,0.44666153935254815
market,US,1,Register,core,57080,57080,1.0,0.0,0.9999327049700489,1.0
market,US,2,tutorial_start,core,57080,57080,1.0,0.0,0.9999327049700489,1.0
market,US,3,tutorial_complete,core,57080,54044,0.9468114926419061,0.053188507358093884,0.9449402706024884,0.9486225782957641
market,US,4,core_loop_unlock,core,54044,50580,0.9359040781585375,0.06409592184146251,0.9338080077264184,0.937938184689016
market,US,5,chapter_2,core,50580,36396,0.7195729537366548,0.28042704626334525,0.7156416238541784,0.7234709338206345
market,US,6,chapter_3,core,36396,26403,0.7254368611935378,0.2745631388064622,0.7208282198547371,0.7299979195548181
market,US,7,activity_enter,optional,26403,21476,0.8133924175283112,0.18660758247168885,0.8086476160420961,0.8180460393050155
market,US,8,social_interaction,optional,26403,11362,0.43032988675529293,0.5696701132447071,0.4243682533653583,0.4363117902613244
channel,creator,1,Register,core,32405,32405,1.0,0.0,0.9998814688014821,1.0
channel,creator,2,tutorial_start,core,32405,32405,1.0,0.0,0.9998814688014821,1.0
channel,creator,3,tutorial_complete,core,32405,30767,0.949452245023916,0.05054775497608399,0.9470132911446978,0.9517846506765757
channel,creator,4,core_loop_unlock,core,30767,28892,0.9390580817109241,0.060941918289075914,0.9363298074781513,0.94167673115212
channel,creator,5,chapter_2,core,28892,20882,0.7227606257787623,0.2772393742212377,0.717569674058028,0.7278923492003644
channel,creator,6,chapter_3,core,20882,15234,0.7295278230054593,0.27047217699454074,0.7234611901999713,0.7355100233324169
channel,creator,7,activity_enter,optional,15234,12462,0.8180385978731785,0.18196140212682155,0.8118320944527759,0.8240847462747389
channel,creator,8,social_interaction,optional,15234,6556,0.43035315741105423,0.5696468425889458,0.42250926290714164,0.4382321678437576
channel,cross_promo,1,Register,core,23052,23052,1.0,0.0,0.9998333845751172,1.0
channel,cross_promo,2,tutorial_start,core,23052,23052,1.0,0.0,0.9998333845751172,1.0
channel,cross_promo,3,tutorial_complete,core,23052,21852,0.9479437792816241,0.0520562207183759,0.9450007940552375,0.9507374958217935
channel,cross_promo,4,core_loop_unlock,core,21852,20466,0.9365733113673805,0.06342668863261947,0.9332644117339098,0.93972874370919
channel,cross_promo,5,chapter_2,core,20466,14777,0.7220267761164859,0.2779732238835141,0.7158477864189362,0.7281224328073527
channel,cross_promo,6,chapter_3,core,14777,10673,0.7222710969750288,0.2777289030249712,0.7149927335887095,0.729433926307561
channel,cross_promo,7,activity_enter,optional,10673,8649,0.8103625972079078,0.18963740279209218,0.8028142805555473,0.8176875809314698
channel,cross_promo,8,social_interaction,optional,10673,4590,0.43005715356507074,0.5699428464349292,0.4206914233292047,0.4394732137726644
channel,organic,1,Register,core,38024,38024,1.0,0.0,0.999898982990532,1.0
channel,organic,2,tutorial_start,core,38024,38024,1.0,0.0,0.999898982990532,1.0
channel,organic,3,tutorial_complete,core,38024,36117,0.9498474647590995,0.050152535240900464,0.9476078852375821,0.9519961597894034
channel,organic,4,core_loop_unlock,core,36117,33778,0.9352382534540521,0.0647617465459479,0.9326535556896336,0.9377303758652777
channel,organic,5,chapter_2,core,33778,24391,0.7220972230445852,0.27790277695541477,0.7172949506010754,0.7268489844857534
channel,organic,6,chapter_3,core,24391,17879,0.7330162764954287,0.26698372350457134,0.7274281161732292,0.7385310506115961
channel,organic,7,activity_enter,optional,17879,14612,0.8172716594887858,0.18272834051121423,0.8115391899701729,0.8228678211373428
channel,organic,8,social_interaction,optional,17879,7574,0.42362548240953074,0.5763745175904693,0.4163996243758351,0.4308841528533739
channel,referral,1,Register,core,17065,17065,1.0,0.0,0.9997749432010389,0.9999999999999999
channel,referral,2,tutorial_start,core,17065,17065,1.0,0.0,0.9997749432010389,0.9999999999999999
channel,referral,3,tutorial_complete,core,17065,16226,0.9508350424846176,0.04916495751538241,0.947488398401845,0.9539787595843481
channel,referral,4,core_loop_unlock,core,16226,15222,0.9381239985208923,0.061876001479107656,0.9343121929072602,0.9417284040434089
channel,referral,5,chapter_2,core,15222,11107,0.7296675863881225,0.27033241361187754,0.7225548582880287,0.7366644248570332
channel,referral,6,chapter_3,core,11107,8061,0.7257585306563429,0.2742414693436571,0.7173847112651269,0.7339762426812265
channel,referral,7,activity_enter,optional,8061,6625,0.8218583302319812,0.17814166976801882,0.8133527509500778,0.8300572933136787
channel,referral,8,social_interaction,optional,8061,4144,0.5140801389405781,0.48591986105942186,0.5031653603141365,0.5249815042161917
channel,store_feature,1,Register,core,19118,19118,1.0,0.0,0.999799106229964,1.0
channel,store_feature,2,tutorial_start,core,19118,19118,1.0,0.0,0.999799106229964,1.0
channel,store_feature,3,tutorial_complete,core,19118,18049,0.9440841092164453,0.055915890783554745,0.9407371353077166,0.9472526556633468
channel,store_feature,4,core_loop_unlock,core,18049,16867,0.9345116072912627,0.0654883927087373,0.930809271369205,0.9380290240192611
channel,store_feature,5,chapter_2,core,16867,12058,0.7148870575680323,0.2851129424319677,0.7080254464091075,0.7216508099705029
channel,store_feature,6,chapter_3,core,12058,8744,0.725161718361254,0.274838281638746,0.7171226399773665,0.7330573776043685
channel,store_feature,7,activity_enter,optional,8744,7189,0.8221637694419031,0.17783623055809694,0.814008199708539,0.8300363942088645
channel,store_feature,8,social_interaction,optional,8744,3702,0.4233760292772187,0.5766239707227814,0.4130556475084899,0.4337637071508428
channel,video_ads,1,Register,core,60752,60752,1.0,0.0,0.999936772189662,1.0000000000000002
channel,video_ads,2,tutorial_start,core,60752,60752,1.0,0.0,0.999936772189662,1.0000000000000002
channel,video_ads,3,tutorial_complete,core,60752,57378,0.9444627337371609,0.05553726626283906,0.942613293804738,0.9462559688587218
channel,video_ads,4,core_loop_unlock,core,57378,53777,0.9372407542960717,0.06275924570392832,0.9352268850449783,0.9391960809033719
channel,video_ads,5,chapter_2,core,53777,38313,0.7124421220968072,0.28755787790319276,0.7086015628647757,0.7162523326901162
channel,video_ads,6,chapter_3,core,38313,27691,0.7227572886487615,0.27724271135123846,0.71825282102668,0.72721709116178
channel,video_ads,7,activity_enter,optional,27691,22450,0.8107327290455383,0.18926727095446172,0.8060759829254383,0.8153032737707218
channel,video_ads,8,social_interaction,optional,27691,11500,0.4152973890433715,0.5847026109566285,0.4095055487612343,0.421112726957187
