feature,coefficient,odds_ratio_per_sd
sessions_d0_7,0.2055221484383634,1.2281661826236265
active_days_d0_7,-0.6386400278473491,0.5280100148972401
total_minutes_d0_7,-0.09968654114157861,0.9051210917977781
avg_session_minutes,0.11907633295777731,1.126455900717372
tutorial_completed,0.005019965523201935,1.0050325866605159
core_loop_unlocked,0.09664184751036904,1.1014658102461177
chapter_reached_d7,-0.29995218600606977,0.7408536430064596
boss_attempts_d0_7,0.0629982947940978,1.0650250231428016
boss_failure_rate_d0_7,-0.05611266016280713,0.94543261729772
social_interactions_d0_7,-0.024059139748538554,0.9762279741737833
activity_participation_d0_7,0.12564698034238028,1.133881815050772
crash_rate_d0_7,0.03635216870955242,1.0370209885346597
fps_quality,0.00993501738625573,1.0099845335168416
first_purchase_flag_d0_7,0.006648976277129278,1.0066711297920776
spend_d0_7,-0.013200633336884508,0.9868861129020762
registration_week,0.006500506953814251,1.0065216811051838
market=DE,0.021100029935046172,1.0213242095223598
market=JP,0.010131437072310427,1.0101829338460624
market=KR,0.006332565710485118,1.0063526587959268
market=US,0.011533434796640986,1.0116002012911904
channel=cross_promo,0.011933458904149319,1.012004946707432
channel=organic,0.016642004608639606,1.0167812541587558
channel=referral,0.018054843477334426,1.018218817519159
channel=store_feature,0.006757901562903213,1.006780787704722
channel=video_ads,0.012932634832113763,1.0130166230263078
device=PC,0.11830954434240788,1.125592478230558
device=iOS,0.0660831066681897,1.0683154976184008
