dimension,category,d,eligible,retained,rate,ci_low,ci_high
market,CN,1,49448,15775,0.31902200291215016,0.3149280063424293,0.323144116514635
market,DE,1,29919,9509,0.31782479360941207,0.31257232673010904,0.32312403536164713
market,JP,1,35671,11502,0.3224468055283003,0.3176155956494811,0.32731625318237806
market,KR,1,24009,7782,0.32412845183056355,0.3182365845707933,0.33007658925820915
market,US,1,59592,19108,0.32064706672036514,0.31691145627743345,0.3244057988070459
channel,creator,1,33811,11136,0.32936026736860785,0.32437034251424,0.3343889625071349
channel,cross_promo,1,24016,7687,0.32007828114590275,0.31420741254811585,0.3260066989889761
channel,organic,1,39684,12891,0.324841245842153,0.32025074769954825,0.32946565185762006
channel,referral,1,17782,5895,0.3315150151838938,0.3246328674241053,0.33846994309665684
channel,store_feature,1,19935,6243,0.31316779533483824,0.3067662678298282,0.3196413138050289
channel,video_ads,1,63411,19824,0.31262714670956143,0.30903051551186034,0.31624647874774314
device,Android,1,89527,26518,0.29620114602298747,0.29321913242359743,0.29920064823060466
device,PC,1,49598,17421,0.35124400177426507,0.3470545871828909,0.3554564574473696
device,iOS,1,59514,19737,0.33163625365460225,0.3278647527074879,0.3354294879973719
patch,post_patch1,1,65071,20998,0.3226936730648061,0.3191121823915088,0.3262960970185634
patch,post_patch2,1,79519,25442,0.31994869150769,0.3167153763798192,0.3231994018813669
patch,pre_patch1,1,54049,17236,0.31889581675886697,0.31497977521187387,0.32283759994102296
market,CN,7,47449,8104,0.17079390503487957,0.16743447029982347,0.17420664033607472
market,DE,7,28686,4880,0.17011782751167817,0.16581399722369258,0.17450999769398587
market,JP,7,34163,5817,0.17027193162193016,0.16632331035865752,0.17429469709886838
market,KR,7,23038,3936,0.17084816390311658,0.166043004232724,0.1757630737622154
market,US,7,57080,9644,0.16895585143658023,0.1659041453141879,0.172052112810758
channel,creator,7,32405,5530,0.17065267705600987,0.16659570657949416,0.1747877233983601
channel,cross_promo,7,23052,3860,0.16744750997744232,0.1626830912359925,0.17232274546773407
channel,organic,7,38024,6622,0.17415316642120765,0.17037429317905997,0.17799787180870089
channel,referral,7,17065,3035,0.1778493993554058,0.1721849306898527,0.18365887238688772
channel,store_feature,7,19118,3277,0.17140914321581754,0.16613316033699874,0.17681714980667387
channel,video_ads,7,60752,10057,0.16554187516460364,0.1626075873174018,0.1685184571215718
device,Android,7,85832,13362,0.15567620467890764,0.1532661876919855,0.15811704109179983
device,PC,7,47530,8966,0.1886387544708605,0.18514685265034894,0.19218098175913786
device,iOS,7,57054,10053,0.17620149332211588,0.17309709677005053,0.17934948979306364
patch,post_patch1,7,65071,11123,0.17093636182016567,0.16806335936737135,0.1738482144456878
patch,post_patch2,7,71296,12118,0.16996745960502693,0.16722819950997564,0.17274228237139627
patch,pre_patch1,7,54049,9140,0.16910581139336528,0.16596921190884528,0.1722894432397457
market,CN,30,39849,4239,0.10637657155763006,0.10338723171627937,0.1094417949814743
market,DE,30,24112,2392,0.09920371599203716,0.09549412946559044,0.10304098974209852
market,JP,30,28655,3105,0.1083580526958646,0.10481147439013627,0.11200962313221949
market,KR,30,19384,2014,0.1039001238134544,0.09968282544828085,0.10827438667273985
market,US,30,47990,4950,0.10314648885184413,0.10045697531168842,0.1058995312271414
channel,creator,30,27175,2984,0.10980680772769089,0.10614457569245755,0.11357933961382116
channel,cross_promo,30,19429,1987,0.10226980287199547,0.09808753380857205,0.10660931751139413
channel,organic,30,31936,3386,0.10602454909819639,0.10269524864194447,0.10944861774376165
channel,referral,30,14266,1521,0.1066171316416655,0.1016581902613046,0.11178787132320953
channel,store_feature,30,16088,1639,0.10187717553455992,0.09729764959351608,0.1066467819508155
channel,video_ads,30,51096,5183,0.10143651166431815,0.09884866282669519,0.10408428496292432
device,Android,30,72043,7146,0.09919076107324792,0.0970293342188109,0.10139492934854714
device,PC,30,39905,4331,0.10853276531762937,0.10551847982987565,0.11162241281574038
device,iOS,30,48042,5223,0.10871737229923817,0.10596506983184767,0.11153224401532649
patch,post_patch1,30,65071,6966,0.10705229672204208,0.10469989337660655,0.10945109257146192
patch,post_patch2,30,40870,4209,0.10298507462686567,0.10007561115810258,0.10596916364745308
patch,pre_patch1,30,54049,5525,0.10222205776240079,0.0996963195479365,0.10480433500584659
