"d","eligible","retained","rate","ci_low","ci_high"
0,200000,200000,1,0.9999807930748097,1
1,198639,63676,0.320561420466273,0.3185125804505124,0.32261720063561844
2,197331,53136,0.2692734542469252,0.2673208072235197,0.27123508424077625
3,195916,46080,0.23520284203434125,0.2333299934827189,0.23708607449981925
4,194526,40885,0.21017755981205596,0.20837271417222658,0.2119938519318798
5,193130,37260,0.1929270439600269,0.19117330647653275,0.19469299689066044
6,191810,34540,0.18007403159376467,0.17836085236736215,0.1818000251449725
7,190416,32381,0.17005398705991093,0.1683732601438842,0.17174802639140924
8,189108,30685,0.16226177633944625,0.16060692887444716,0.16393034486462177
9,187721,29246,0.15579503625060595,0.1541615203241987,0.15744263927581
10,186346,27977,0.15013469567363935,0.14852008487757348,0.15176373087864312
11,184971,26711,0.14440642046591087,0.14281194956857823,0.14601566091873452
12,183618,25747,0.14022045768933328,0.1386398398504109,0.1418161290565868
13,182278,24989,0.13709279232820198,0.1355214813789784,0.1386793992946574
14,180946,24404,0.13486896643197419,0.13330283940449963,0.13645059649408312
15,179648,23553,0.13110638582116138,0.12955352493803354,0.13267502265867495
16,178239,23150,0.12988178793642244,0.12832909504935935,0.13145043427057823
17,176931,22439,0.1268234509498053,0.12528095884596033,0.1283821472374527
18,175549,21789,0.12411919179260492,0.12258503355881206,0.12566980012352205
19,174241,21426,0.12296761382223471,0.12143394996493682,0.12451790203837666
20,172948,20905,0.12087448250341143,0.11934657237731826,0.12241923425490799
21,171661,20304,0.11827963253155929,0.11676048670403379,0.11981586238235002
22,170313,20008,0.11747782024860111,0.11595723854699662,0.11901565735711582
23,168938,19379,0.11471072227681162,0.11319987604745599,0.1162390901915194
24,167708,19060,0.11364991532902426,0.1121397541346041,0.1151777753087863
25,166394,18543,0.11144031635756096,0.10993730554921277,0.11296126773546233
26,165122,18185,0.1101306912464723,0.10862980020076816,0.11164972199559046
27,163866,17779,0.10849718672573933,0.10700052990399492,0.11001219887048874
28,162622,17377,0.10685516104832064,0.10536296505271363,0.10836593034932428
29,161319,17025,0.10553623565730014,0.1040463207252091,0.10704493672399275
30,159990,16700,0.10438152384524033,0.10289279253655471,0.10588925278622226
