"week","d","eligible","rate"
0,1,5683,0.32377265528770016
0,7,5683,0.1643498152384304
0,30,5683,0.10293858877353511
1,1,5934,0.30316818335018536
1,7,5934,0.17542972699696663
1,30,5934,0.10397708122682844
2,1,5989,0.31791617966271496
2,7,5989,0.16847553848722657
2,30,5989,0.10218734346301553
3,1,6188,0.3228829993535876
3,7,6188,0.1682288299935359
3,30,6188,0.10100193923723336
4,1,6335,0.31349644830307816
4,7,6335,0.16243093922651933
4,30,6335,0.09913180741910024
5,1,6504,0.32287822878228783
5,7,6504,0.16974169741697417
5,30,6504,0.10009225092250923
6,1,6638,0.3181681229285929
6,7,6638,0.16797228080747212
6,30,6638,0.10123531184091594
7,1,6774,0.3252140537348686
7,7,6774,0.1719811042220254
7,30,6774,0.10407440212577503
8,1,6880,0.31700581395348837
8,7,6880,0.17136627906976745
8,30,6880,0.10857558139534884
9,1,7068,0.32597623089983024
9,7,7068,0.1755800792303339
9,30,7068,0.10498019241652519
10,1,7204,0.3167684619655747
10,7,7204,0.1661576901721266
10,30,7204,0.10369239311493615
11,1,7347,0.32081121546209335
11,7,7347,0.17027358105349122
11,30,7347,0.10194637266911664
12,1,7556,0.3264955002646903
12,7,7556,0.1692694547379566
12,30,7556,0.10402329274748544
13,1,7644,0.32012035583464155
13,7,7644,0.1661433804290947
13,30,7644,0.11564625850340136
14,1,7938,0.3300579491055681
14,7,7938,0.17901234567901234
14,30,7938,0.11841773746535651
15,1,7961,0.32483356362266047
15,7,7961,0.17045597286773018
15,30,7961,0.10639366913704308
16,1,8283,0.3219847881202463
16,7,8283,0.1689001569479657
16,30,8283,0.09996378123868163
17,1,11215,0.32322781988408383
17,7,11215,0.17262594739188586
17,30,11215,0.10566205974141775
18,1,9436,0.3291649003815176
18,7,9436,0.16945739720220432
18,30,9436,0.10809665112335735
19,1,8733,0.3192488262910798
19,7,8733,0.1700446581930608
19,30,8733,0.09572884461238979
20,1,8835,0.30616864742501415
20,7,8835,0.17260894170911148
20,30,8835,0.1010752688172043
21,1,8977,0.3172552077531469
21,7,8977,0.16809624596190265
21,30,3845,0.10429128738621586
22,1,9119,0.3214168220199583
22,7,9119,0.16876850531856563
23,1,9377,0.3157726351711635
23,7,9377,0.17073690945931536
24,1,9512,0.3219091673675357
24,7,6798,0.16990291262135923
25,1,5509,0.32619350154292975
