metric,wolfram_value,python_value,absolute_difference,relative_difference,status
activation_rate,0.8875409629442904,0.8875409629442904,0.0,0.0,PASS
arppu,12.778490281753804,12.778490281753804,0.0,0.0,PASS
arpu,0.4240542,0.4240542,0.0,0.0,PASS
churn/positive,96424.0,96424.0,0.0,0.0,PASS
churn/sample,159990.0,159990.0,0.0,0.0,PASS
churn/test,40870.0,40870.0,0.0,0.0,PASS
churn/train,85045.0,85045.0,0.0,0.0,PASS
churn/validation,34075.0,34075.0,0.0,0.0,PASS
daily/2026-01-01/dau,789.0,789.0,0.0,0.0,PASS
daily/2026-01-01/mau,789.0,789.0,0.0,0.0,PASS
daily/2026-01-01/new_active,789.0,789.0,0.0,0.0,PASS
daily/2026-01-01/new_users,789.0,789.0,0.0,0.0,PASS
daily/2026-01-01/retained,0.0,0.0,0.0,0.0,PASS
daily/2026-01-01/returned,0.0,0.0,0.0,0.0,PASS
daily/2026-01-01/wau,789.0,789.0,0.0,0.0,PASS
daily/2026-01-02/dau,1051.0,1051.0,0.0,0.0,PASS
daily/2026-01-02/mau,1593.0,1593.0,0.0,0.0,PASS
daily/2026-01-02/new_active,804.0,804.0,0.0,0.0,PASS
daily/2026-01-02/new_users,804.0,804.0,0.0,0.0,PASS
daily/2026-01-02/retained,247.0,247.0,0.0,0.0,PASS
daily/2026-01-02/returned,0.0,0.0,0.0,0.0,PASS
daily/2026-01-02/wau,1593.0,1593.0,0.0,0.0,PASS
daily/2026-01-03/dau,1292.0,1292.0,0.0,0.0,PASS
daily/2026-01-03/mau,2405.0,2405.0,0.0,0.0,PASS
daily/2026-01-03/new_active,812.0,812.0,0.0,0.0,PASS
daily/2026-01-03/new_users,812.0,812.0,0.0,0.0,PASS
daily/2026-01-03/retained,480.0,480.0,0.0,0.0,PASS
daily/2026-01-03/returned,0.0,0.0,0.0,0.0,PASS
daily/2026-01-03/wau,2405.0,2405.0,0.0,0.0,PASS
daily/2026-01-04/dau,1472.0,1472.0,0.0,0.0,PASS
daily/2026-01-04/mau,3184.0,3184.0,0.0,0.0,PASS
daily/2026-01-04/new_active,779.0,779.0,0.0,0.0,PASS
daily/2026-01-04/new_users,779.0,779.0,0.0,0.0,PASS
daily/2026-01-04/retained,693.0,693.0,0.0,0.0,PASS
daily/2026-01-04/returned,0.0,0.0,0.0,0.0,PASS
daily/2026-01-04/wau,3184.0,3184.0,0.0,0.0,PASS
daily/2026-01-05/dau,1714.0,1714.0,0.0,0.0,PASS
daily/2026-01-05/mau,4054.0,4054.0,0.0,0.0,PASS
daily/2026-01-05/new_active,870.0,870.0,0.0,0.0,PASS
daily/2026-01-05/new_users,870.0,870.0,0.0,0.0,PASS
daily/2026-01-05/retained,844.0,844.0,0.0,0.0,PASS
daily/2026-01-05/returned,0.0,0.0,0.0,0.0,PASS
daily/2026-01-05/wau,4054.0,4054.0,0.0,0.0,PASS
daily/2026-01-06/dau,1832.0,1832.0,0.0,0.0,PASS
daily/2026-01-06/mau,4842.0,4842.0,0.0,0.0,PASS
daily/2026-01-06/new_active,788.0,788.0,0.0,0.0,PASS
daily/2026-01-06/new_users,788.0,788.0,0.0,0.0,PASS
daily/2026-01-06/retained,1044.0,1044.0,0.0,0.0,PASS
daily/2026-01-06/returned,0.0,0.0,0.0,0.0,PASS
daily/2026-01-06/wau,4842.0,4842.0,0.0,0.0,PASS
daily/2026-01-07/dau,1960.0,1960.0,0.0,0.0,PASS
daily/2026-01-07/mau,5683.0,5683.0,0.0,0.0,PASS
daily/2026-01-07/new_active,841.0,841.0,0.0,0.0,PASS
daily/2026-01-07/new_users,841.0,841.0,0.0,0.0,PASS
daily/2026-01-07/retained,1119.0,1119.0,0.0,0.0,PASS
daily/2026-01-07/returned,0.0,0.0,0.0,0.0,PASS
daily/2026-01-07/wau,5683.0,5683.0,0.0,0.0,PASS
daily/2026-01-08/dau,2140.0,2140.0,0.0,0.0,PASS
daily/2026-01-08/mau,6507.0,6507.0,0.0,0.0,PASS
daily/2026-01-08/new_active,824.0,824.0,0.0,0.0,PASS
daily/2026-01-08/new_users,824.0,824.0,0.0,0.0,PASS
daily/2026-01-08/retained,1299.0,1299.0,0.0,0.0,PASS
daily/2026-01-08/returned,17.0,17.0,0.0,0.0,PASS
daily/2026-01-08/wau,6313.0,6313.0,0.0,0.0,PASS
daily/2026-01-09/dau,2293.0,2293.0,0.0,0.0,PASS
daily/2026-01-09/mau,7385.0,7385.0,0.0,0.0,PASS
daily/2026-01-09/new_active,878.0,878.0,0.0,0.0,PASS
daily/2026-01-09/new_users,878.0,878.0,0.0,0.0,PASS
daily/2026-01-09/retained,1380.0,1380.0,0.0,0.0,PASS
daily/2026-01-09/returned,35.0,35.0,0.0,0.0,PASS
daily/2026-01-09/wau,6942.0,6942.0,0.0,0.0,PASS
daily/2026-01-10/dau,2399.0,2399.0,0.0,0.0,PASS
daily/2026-01-10/mau,8258.0,8258.0,0.0,0.0,PASS
daily/2026-01-10/new_active,873.0,873.0,0.0,0.0,PASS
daily/2026-01-10/new_users,873.0,873.0,0.0,0.0,PASS
daily/2026-01-10/retained,1481.0,1481.0,0.0,0.0,PASS
daily/2026-01-10/returned,45.0,45.0,0.0,0.0,PASS
daily/2026-01-10/wau,7543.0,7543.0,0.0,0.0,PASS
daily/2026-01-11/dau,2505.0,2505.0,0.0,0.0,PASS
daily/2026-01-11/mau,9061.0,9061.0,0.0,0.0,PASS
daily/2026-01-11/new_active,803.0,803.0,0.0,0.0,PASS
daily/2026-01-11/new_users,803.0,803.0,0.0,0.0,PASS
daily/2026-01-11/retained,1632.0,1632.0,0.0,0.0,PASS
daily/2026-01-11/returned,70.0,70.0,0.0,0.0,PASS
daily/2026-01-11/wau,8053.0,8053.0,0.0,0.0,PASS
daily/2026-01-12/dau,2589.0,2589.0,0.0,0.0,PASS
daily/2026-01-12/mau,9872.0,9872.0,0.0,0.0,PASS
daily/2026-01-12/new_active,811.0,811.0,0.0,0.0,PASS
daily/2026-01-12/new_users,811.0,811.0,0.0,0.0,PASS
daily/2026-01-12/retained,1694.0,1694.0,0.0,0.0,PASS
daily/2026-01-12/returned,84.0,84.0,0.0,0.0,PASS
daily/2026-01-12/wau,8487.0,8487.0,0.0,0.0,PASS
daily/2026-01-13/dau,2821.0,2821.0,0.0,0.0,PASS
daily/2026-01-13/mau,10770.0,10770.0,0.0,0.0,PASS
daily/2026-01-13/new_active,898.0,898.0,0.0,0.0,PASS
daily/2026-01-13/new_users,898.0,898.0,0.0,0.0,PASS
daily/2026-01-13/retained,1808.0,1808.0,0.0,0.0,PASS
daily/2026-01-13/returned,115.0,115.0,0.0,0.0,PASS
daily/2026-01-13/wau,8991.0,8991.0,0.0,0.0,PASS
daily/2026-01-14/dau,2888.0,2888.0,0.0,0.0,PASS
daily/2026-01-14/mau,11617.0,11617.0,0.0,0.0,PASS
daily/2026-01-14/new_active,847.0,847.0,0.0,0.0,PASS
daily/2026-01-14/new_users,847.0,847.0,0.0,0.0,PASS
daily/2026-01-14/retained,1918.0,1918.0,0.0,0.0,PASS
daily/2026-01-14/returned,123.0,123.0,0.0,0.0,PASS
daily/2026-01-14/wau,9468.0,9468.0,0.0,0.0,PASS
daily/2026-01-15/dau,2989.0,2989.0,0.0,0.0,PASS
daily/2026-01-15/mau,12459.0,12459.0,0.0,0.0,PASS
daily/2026-01-15/new_active,842.0,842.0,0.0,0.0,PASS
daily/2026-01-15/new_users,842.0,842.0,0.0,0.0,PASS
daily/2026-01-15/retained,1996.0,1996.0,0.0,0.0,PASS
daily/2026-01-15/returned,151.0,151.0,0.0,0.0,PASS
daily/2026-01-15/wau,9878.0,9878.0,0.0,0.0,PASS
daily/2026-01-16/dau,3088.0,3088.0,0.0,0.0,PASS
daily/2026-01-16/mau,13329.0,13329.0,0.0,0.0,PASS
daily/2026-01-16/new_active,870.0,870.0,0.0,0.0,PASS
daily/2026-01-16/new_users,870.0,870.0,0.0,0.0,PASS
daily/2026-01-16/retained,2078.0,2078.0,0.0,0.0,PASS
daily/2026-01-16/returned,140.0,140.0,0.0,0.0,PASS
daily/2026-01-16/wau,10287.0,10287.0,0.0,0.0,PASS
daily/2026-01-17/dau,3202.0,3202.0,0.0,0.0,PASS
daily/2026-01-17/mau,14147.0,14147.0,0.0,0.0,PASS
daily/2026-01-17/new_active,818.0,818.0,0.0,0.0,PASS
daily/2026-01-17/new_users,818.0,818.0,0.0,0.0,PASS
daily/2026-01-17/retained,2211.0,2211.0,0.0,0.0,PASS
daily/2026-01-17/returned,173.0,173.0,0.0,0.0,PASS
daily/2026-01-17/wau,10657.0,10657.0,0.0,0.0,PASS
daily/2026-01-18/dau,3337.0,3337.0,0.0,0.0,PASS
daily/2026-01-18/mau,14963.0,14963.0,0.0,0.0,PASS
daily/2026-01-18/new_active,816.0,816.0,0.0,0.0,PASS
daily/2026-01-18/new_users,816.0,816.0,0.0,0.0,PASS
daily/2026-01-18/retained,2303.0,2303.0,0.0,0.0,PASS
daily/2026-01-18/returned,218.0,218.0,0.0,0.0,PASS
daily/2026-01-18/wau,10998.0,10998.0,0.0,0.0,PASS
daily/2026-01-19/dau,3503.0,3503.0,0.0,0.0,PASS
daily/2026-01-19/mau,15828.0,15828.0,0.0,0.0,PASS
daily/2026-01-19/new_active,865.0,865.0,0.0,0.0,PASS
daily/2026-01-19/new_users,865.0,865.0,0.0,0.0,PASS
daily/2026-01-19/retained,2430.0,2430.0,0.0,0.0,PASS
daily/2026-01-19/returned,208.0,208.0,0.0,0.0,PASS
daily/2026-01-19/wau,11392.0,11392.0,0.0,0.0,PASS
daily/2026-01-20/dau,3563.0,3563.0,0.0,0.0,PASS
daily/2026-01-20/mau,16688.0,16688.0,0.0,0.0,PASS
daily/2026-01-20/new_active,860.0,860.0,0.0,0.0,PASS
daily/2026-01-20/new_users,860.0,860.0,0.0,0.0,PASS
daily/2026-01-20/retained,2466.0,2466.0,0.0,0.0,PASS
daily/2026-01-20/returned,237.0,237.0,0.0,0.0,PASS
daily/2026-01-20/wau,11784.0,11784.0,0.0,0.0,PASS
daily/2026-01-21/dau,3750.0,3750.0,0.0,0.0,PASS
daily/2026-01-21/mau,17606.0,17606.0,0.0,0.0,PASS
daily/2026-01-21/new_active,918.0,918.0,0.0,0.0,PASS
daily/2026-01-21/new_users,918.0,918.0,0.0,0.0,PASS
daily/2026-01-21/retained,2605.0,2605.0,0.0,0.0,PASS
daily/2026-01-21/returned,227.0,227.0,0.0,0.0,PASS
daily/2026-01-21/wau,12227.0,12227.0,0.0,0.0,PASS
daily/2026-01-22/dau,3808.0,3808.0,0.0,0.0,PASS
daily/2026-01-22/mau,18489.0,18489.0,0.0,0.0,PASS
daily/2026-01-22/new_active,883.0,883.0,0.0,0.0,PASS
daily/2026-01-22/new_users,883.0,883.0,0.0,0.0,PASS
daily/2026-01-22/retained,2659.0,2659.0,0.0,0.0,PASS
daily/2026-01-22/returned,266.0,266.0,0.0,0.0,PASS
daily/2026-01-22/wau,12638.0,12638.0,0.0,0.0,PASS
daily/2026-01-23/dau,3906.0,3906.0,0.0,0.0,PASS
daily/2026-01-23/mau,19355.0,19355.0,0.0,0.0,PASS
daily/2026-01-23/new_active,866.0,866.0,0.0,0.0,PASS
daily/2026-01-23/new_users,866.0,866.0,0.0,0.0,PASS
daily/2026-01-23/retained,2768.0,2768.0,0.0,0.0,PASS
daily/2026-01-23/returned,272.0,272.0,0.0,0.0,PASS
daily/2026-01-23/wau,13026.0,13026.0,0.0,0.0,PASS
daily/2026-01-24/dau,4028.0,4028.0,0.0,0.0,PASS
daily/2026-01-24/mau,20231.0,20231.0,0.0,0.0,PASS
daily/2026-01-24/new_active,876.0,876.0,0.0,0.0,PASS
daily/2026-01-24/new_users,876.0,876.0,0.0,0.0,PASS
daily/2026-01-24/retained,2870.0,2870.0,0.0,0.0,PASS
daily/2026-01-24/returned,282.0,282.0,0.0,0.0,PASS
daily/2026-01-24/wau,13376.0,13376.0,0.0,0.0,PASS
daily/2026-01-25/dau,4180.0,4180.0,0.0,0.0,PASS
daily/2026-01-25/mau,21116.0,21116.0,0.0,0.0,PASS
daily/2026-01-25/new_active,885.0,885.0,0.0,0.0,PASS
daily/2026-01-25/new_users,885.0,885.0,0.0,0.0,PASS
daily/2026-01-25/retained,2975.0,2975.0,0.0,0.0,PASS
daily/2026-01-25/returned,320.0,320.0,0.0,0.0,PASS
daily/2026-01-25/wau,13746.0,13746.0,0.0,0.0,PASS
daily/2026-01-26/dau,4178.0,4178.0,0.0,0.0,PASS
daily/2026-01-26/mau,21966.0,21966.0,0.0,0.0,PASS
daily/2026-01-26/new_active,850.0,850.0,0.0,0.0,PASS
daily/2026-01-26/new_users,850.0,850.0,0.0,0.0,PASS
daily/2026-01-26/retained,3019.0,3019.0,0.0,0.0,PASS
daily/2026-01-26/returned,309.0,309.0,0.0,0.0,PASS
daily/2026-01-26/wau,14073.0,14073.0,0.0,0.0,PASS
daily/2026-01-27/dau,4452.0,4452.0,0.0,0.0,PASS
daily/2026-01-27/mau,22899.0,22899.0,0.0,0.0,PASS
daily/2026-01-27/new_active,933.0,933.0,0.0,0.0,PASS
daily/2026-01-27/new_users,933.0,933.0,0.0,0.0,PASS
daily/2026-01-27/retained,3187.0,3187.0,0.0,0.0,PASS
daily/2026-01-27/returned,332.0,332.0,0.0,0.0,PASS
daily/2026-01-27/wau,14477.0,14477.0,0.0,0.0,PASS
daily/2026-01-28/dau,4416.0,4416.0,0.0,0.0,PASS
daily/2026-01-28/mau,23794.0,23794.0,0.0,0.0,PASS
daily/2026-01-28/new_active,895.0,895.0,0.0,0.0,PASS
daily/2026-01-28/new_users,895.0,895.0,0.0,0.0,PASS
daily/2026-01-28/retained,3156.0,3156.0,0.0,0.0,PASS
daily/2026-01-28/returned,365.0,365.0,0.0,0.0,PASS
daily/2026-01-28/wau,14848.0,14848.0,0.0,0.0,PASS
daily/2026-01-29/dau,4543.0,4543.0,0.0,0.0,PASS
daily/2026-01-29/mau,24690.0,24690.0,0.0,0.0,PASS
daily/2026-01-29/new_active,896.0,896.0,0.0,0.0,PASS
daily/2026-01-29/new_users,896.0,896.0,0.0,0.0,PASS
daily/2026-01-29/retained,3255.0,3255.0,0.0,0.0,PASS
daily/2026-01-29/returned,392.0,392.0,0.0,0.0,PASS
daily/2026-01-29/wau,15236.0,15236.0,0.0,0.0,PASS
daily/2026-01-30/dau,4652.0,4652.0,0.0,0.0,PASS
daily/2026-01-30/mau,25606.0,25606.0,0.0,0.0,PASS
daily/2026-01-30/new_active,916.0,916.0,0.0,0.0,PASS
daily/2026-01-30/new_users,916.0,916.0,0.0,0.0,PASS
daily/2026-01-30/retained,3368.0,3368.0,0.0,0.0,PASS
daily/2026-01-30/returned,368.0,368.0,0.0,0.0,PASS
daily/2026-01-30/wau,15572.0,15572.0,0.0,0.0,PASS
daily/2026-01-31/dau,4667.0,4667.0,0.0,0.0,PASS
daily/2026-01-31/mau,26370.0,26370.0,0.0,0.0,PASS
daily/2026-01-31/new_active,891.0,891.0,0.0,0.0,PASS
daily/2026-01-31/new_users,891.0,891.0,0.0,0.0,PASS
daily/2026-01-31/retained,3388.0,3388.0,0.0,0.0,PASS
daily/2026-01-31/returned,388.0,388.0,0.0,0.0,PASS
daily/2026-01-31/wau,15916.0,15916.0,0.0,0.0,PASS
daily/2026-02-01/dau,4866.0,4866.0,0.0,0.0,PASS
daily/2026-02-01/mau,27098.0,27098.0,0.0,0.0,PASS
daily/2026-02-01/new_active,921.0,921.0,0.0,0.0,PASS
daily/2026-02-01/new_users,921.0,921.0,0.0,0.0,PASS
daily/2026-02-01/retained,3551.0,3551.0,0.0,0.0,PASS
daily/2026-02-01/returned,394.0,394.0,0.0,0.0,PASS
daily/2026-02-01/wau,16277.0,16277.0,0.0,0.0,PASS
daily/2026-02-02/dau,4887.0,4887.0,0.0,0.0,PASS
daily/2026-02-02/mau,27734.0,27734.0,0.0,0.0,PASS
daily/2026-02-02/new_active,842.0,842.0,0.0,0.0,PASS
daily/2026-02-02/new_users,842.0,842.0,0.0,0.0,PASS
daily/2026-02-02/retained,3608.0,3608.0,0.0,0.0,PASS
daily/2026-02-02/returned,437.0,437.0,0.0,0.0,PASS
daily/2026-02-02/wau,16561.0,16561.0,0.0,0.0,PASS
daily/2026-02-03/dau,5023.0,5023.0,0.0,0.0,PASS
daily/2026-02-03/mau,28430.0,28430.0,0.0,0.0,PASS
daily/2026-02-03/new_active,942.0,942.0,0.0,0.0,PASS
daily/2026-02-03/new_users,942.0,942.0,0.0,0.0,PASS
daily/2026-02-03/retained,3639.0,3639.0,0.0,0.0,PASS
daily/2026-02-03/returned,442.0,442.0,0.0,0.0,PASS
daily/2026-02-03/wau,16877.0,16877.0,0.0,0.0,PASS
daily/2026-02-04/dau,5208.0,5208.0,0.0,0.0,PASS
daily/2026-02-04/mau,29038.0,29038.0,0.0,0.0,PASS
daily/2026-02-04/new_active,927.0,927.0,0.0,0.0,PASS
daily/2026-02-04/new_users,927.0,927.0,0.0,0.0,PASS
daily/2026-02-04/retained,3828.0,3828.0,0.0,0.0,PASS
daily/2026-02-04/returned,453.0,453.0,0.0,0.0,PASS
daily/2026-02-04/wau,17272.0,17272.0,0.0,0.0,PASS
daily/2026-02-05/dau,5238.0,5238.0,0.0,0.0,PASS
daily/2026-02-05/mau,29620.0,29620.0,0.0,0.0,PASS
daily/2026-02-05/new_active,899.0,899.0,0.0,0.0,PASS
daily/2026-02-05/new_users,899.0,899.0,0.0,0.0,PASS
daily/2026-02-05/retained,3879.0,3879.0,0.0,0.0,PASS
daily/2026-02-05/returned,460.0,460.0,0.0,0.0,PASS
daily/2026-02-05/wau,17580.0,17580.0,0.0,0.0,PASS
daily/2026-02-06/dau,5210.0,5210.0,0.0,0.0,PASS
daily/2026-02-06/mau,30234.0,30234.0,0.0,0.0,PASS
daily/2026-02-06/new_active,930.0,930.0,0.0,0.0,PASS
daily/2026-02-06/new_users,930.0,930.0,0.0,0.0,PASS
daily/2026-02-06/retained,3829.0,3829.0,0.0,0.0,PASS
daily/2026-02-06/returned,451.0,451.0,0.0,0.0,PASS
daily/2026-02-06/wau,17886.0,17886.0,0.0,0.0,PASS
daily/2026-02-07/dau,5359.0,5359.0,0.0,0.0,PASS
daily/2026-02-07/mau,30780.0,30780.0,0.0,0.0,PASS
daily/2026-02-07/new_active,918.0,918.0,0.0,0.0,PASS
daily/2026-02-07/new_users,918.0,918.0,0.0,0.0,PASS
daily/2026-02-07/retained,3966.0,3966.0,0.0,0.0,PASS
daily/2026-02-07/returned,475.0,475.0,0.0,0.0,PASS
daily/2026-02-07/wau,18210.0,18210.0,0.0,0.0,PASS
daily/2026-02-08/dau,5622.0,5622.0,0.0,0.0,PASS
daily/2026-02-08/mau,31383.0,31383.0,0.0,0.0,PASS
daily/2026-02-08/new_active,962.0,962.0,0.0,0.0,PASS
daily/2026-02-08/new_users,962.0,962.0,0.0,0.0,PASS
daily/2026-02-08/retained,4115.0,4115.0,0.0,0.0,PASS
daily/2026-02-08/returned,545.0,545.0,0.0,0.0,PASS
daily/2026-02-08/wau,18574.0,18574.0,0.0,0.0,PASS
daily/2026-02-09/dau,5580.0,5580.0,0.0,0.0,PASS
daily/2026-02-09/mau,31927.0,31927.0,0.0,0.0,PASS
daily/2026-02-09/new_active,933.0,933.0,0.0,0.0,PASS
daily/2026-02-09/new_users,933.0,933.0,0.0,0.0,PASS
daily/2026-02-09/retained,4109.0,4109.0,0.0,0.0,PASS
daily/2026-02-09/returned,538.0,538.0,0.0,0.0,PASS
daily/2026-02-09/wau,18935.0,18935.0,0.0,0.0,PASS
daily/2026-02-10/dau,5802.0,5802.0,0.0,0.0,PASS
daily/2026-02-10/mau,32460.0,32460.0,0.0,0.0,PASS
daily/2026-02-10/new_active,938.0,938.0,0.0,0.0,PASS
daily/2026-02-10/new_users,938.0,938.0,0.0,0.0,PASS
daily/2026-02-10/retained,4319.0,4319.0,0.0,0.0,PASS
daily/2026-02-10/returned,545.0,545.0,0.0,0.0,PASS
daily/2026-02-10/wau,19232.0,19232.0,0.0,0.0,PASS
daily/2026-02-11/dau,5757.0,5757.0,0.0,0.0,PASS
daily/2026-02-11/mau,32995.0,32995.0,0.0,0.0,PASS
daily/2026-02-11/new_active,924.0,924.0,0.0,0.0,PASS
daily/2026-02-11/new_users,924.0,924.0,0.0,0.0,PASS
daily/2026-02-11/retained,4236.0,4236.0,0.0,0.0,PASS
daily/2026-02-11/returned,597.0,597.0,0.0,0.0,PASS
daily/2026-02-11/wau,19551.0,19551.0,0.0,0.0,PASS
daily/2026-02-12/dau,5824.0,5824.0,0.0,0.0,PASS
daily/2026-02-12/mau,33533.0,33533.0,0.0,0.0,PASS
daily/2026-02-12/new_active,947.0,947.0,0.0,0.0,PASS
daily/2026-02-12/new_users,947.0,947.0,0.0,0.0,PASS
daily/2026-02-12/retained,4357.0,4357.0,0.0,0.0,PASS
daily/2026-02-12/returned,520.0,520.0,0.0,0.0,PASS
daily/2026-02-12/wau,19821.0,19821.0,0.0,0.0,PASS
daily/2026-02-13/dau,5898.0,5898.0,0.0,0.0,PASS
daily/2026-02-13/mau,34048.0,34048.0,0.0,0.0,PASS
daily/2026-02-13/new_active,919.0,919.0,0.0,0.0,PASS
daily/2026-02-13/new_users,919.0,919.0,0.0,0.0,PASS
daily/2026-02-13/retained,4394.0,4394.0,0.0,0.0,PASS
daily/2026-02-13/returned,585.0,585.0,0.0,0.0,PASS
daily/2026-02-13/wau,20189.0,20189.0,0.0,0.0,PASS
daily/2026-02-14/dau,6043.0,6043.0,0.0,0.0,PASS
daily/2026-02-14/mau,34586.0,34586.0,0.0,0.0,PASS
daily/2026-02-14/new_active,958.0,958.0,0.0,0.0,PASS
daily/2026-02-14/new_users,958.0,958.0,0.0,0.0,PASS
daily/2026-02-14/retained,4536.0,4536.0,0.0,0.0,PASS
daily/2026-02-14/returned,549.0,549.0,0.0,0.0,PASS
daily/2026-02-14/wau,20491.0,20491.0,0.0,0.0,PASS
daily/2026-02-15/dau,6094.0,6094.0,0.0,0.0,PASS
daily/2026-02-15/mau,35140.0,35140.0,0.0,0.0,PASS
daily/2026-02-15/new_active,946.0,946.0,0.0,0.0,PASS
daily/2026-02-15/new_users,946.0,946.0,0.0,0.0,PASS
daily/2026-02-15/retained,4579.0,4579.0,0.0,0.0,PASS
daily/2026-02-15/returned,569.0,569.0,0.0,0.0,PASS
daily/2026-02-15/wau,20708.0,20708.0,0.0,0.0,PASS
daily/2026-02-16/dau,6072.0,6072.0,0.0,0.0,PASS
daily/2026-02-16/mau,35599.0,35599.0,0.0,0.0,PASS
daily/2026-02-16/new_active,907.0,907.0,0.0,0.0,PASS
daily/2026-02-16/new_users,907.0,907.0,0.0,0.0,PASS
daily/2026-02-16/retained,4570.0,4570.0,0.0,0.0,PASS
daily/2026-02-16/returned,595.0,595.0,0.0,0.0,PASS
daily/2026-02-16/wau,20907.0,20907.0,0.0,0.0,PASS
daily/2026-02-17/dau,6264.0,6264.0,0.0,0.0,PASS
daily/2026-02-17/mau,36095.0,36095.0,0.0,0.0,PASS
daily/2026-02-17/new_active,959.0,959.0,0.0,0.0,PASS
daily/2026-02-17/new_users,959.0,959.0,0.0,0.0,PASS
daily/2026-02-17/retained,4665.0,4665.0,0.0,0.0,PASS
daily/2026-02-17/returned,640.0,640.0,0.0,0.0,PASS
daily/2026-02-17/wau,21165.0,21165.0,0.0,0.0,PASS
daily/2026-02-18/dau,6526.0,6526.0,0.0,0.0,PASS
daily/2026-02-18/mau,36643.0,36643.0,0.0,0.0,PASS
daily/2026-02-18/new_active,1002.0,1002.0,0.0,0.0,PASS
daily/2026-02-18/new_users,1002.0,1002.0,0.0,0.0,PASS
daily/2026-02-18/retained,4851.0,4851.0,0.0,0.0,PASS
daily/2026-02-18/returned,673.0,673.0,0.0,0.0,PASS
daily/2026-02-18/wau,21525.0,21525.0,0.0,0.0,PASS
daily/2026-02-19/dau,6470.0,6470.0,0.0,0.0,PASS
daily/2026-02-19/mau,37139.0,37139.0,0.0,0.0,PASS
daily/2026-02-19/new_active,952.0,952.0,0.0,0.0,PASS
daily/2026-02-19/new_users,952.0,952.0,0.0,0.0,PASS
daily/2026-02-19/retained,4852.0,4852.0,0.0,0.0,PASS
daily/2026-02-19/returned,666.0,666.0,0.0,0.0,PASS
daily/2026-02-19/wau,21853.0,21853.0,0.0,0.0,PASS
daily/2026-02-20/dau,6644.0,6644.0,0.0,0.0,PASS
daily/2026-02-20/mau,37684.0,37684.0,0.0,0.0,PASS
daily/2026-02-20/new_active,1022.0,1022.0,0.0,0.0,PASS
daily/2026-02-20/new_users,1022.0,1022.0,0.0,0.0,PASS
daily/2026-02-20/retained,4976.0,4976.0,0.0,0.0,PASS
daily/2026-02-20/returned,646.0,646.0,0.0,0.0,PASS
daily/2026-02-20/wau,22224.0,22224.0,0.0,0.0,PASS
daily/2026-02-21/dau,6568.0,6568.0,0.0,0.0,PASS
daily/2026-02-21/mau,38170.0,38170.0,0.0,0.0,PASS
daily/2026-02-21/new_active,951.0,951.0,0.0,0.0,PASS
daily/2026-02-21/new_users,951.0,951.0,0.0,0.0,PASS
daily/2026-02-21/retained,4903.0,4903.0,0.0,0.0,PASS
daily/2026-02-21/returned,714.0,714.0,0.0,0.0,PASS
daily/2026-02-21/wau,22538.0,22538.0,0.0,0.0,PASS
daily/2026-02-22/dau,6491.0,6491.0,0.0,0.0,PASS
daily/2026-02-22/mau,38567.0,38567.0,0.0,0.0,PASS
daily/2026-02-22/new_active,893.0,893.0,0.0,0.0,PASS
daily/2026-02-22/new_users,893.0,893.0,0.0,0.0,PASS
daily/2026-02-22/retained,4952.0,4952.0,0.0,0.0,PASS
daily/2026-02-22/returned,646.0,646.0,0.0,0.0,PASS
daily/2026-02-22/wau,22729.0,22729.0,0.0,0.0,PASS
daily/2026-02-23/dau,6956.0,6956.0,0.0,0.0,PASS
daily/2026-02-23/mau,39119.0,39119.0,0.0,0.0,PASS
daily/2026-02-23/new_active,1027.0,1027.0,0.0,0.0,PASS
daily/2026-02-23/new_users,1027.0,1027.0,0.0,0.0,PASS
daily/2026-02-23/retained,5189.0,5189.0,0.0,0.0,PASS
daily/2026-02-23/returned,740.0,740.0,0.0,0.0,PASS
daily/2026-02-23/wau,23105.0,23105.0,0.0,0.0,PASS
daily/2026-02-24/dau,6893.0,6893.0,0.0,0.0,PASS
daily/2026-02-24/mau,39585.0,39585.0,0.0,0.0,PASS
daily/2026-02-24/new_active,966.0,966.0,0.0,0.0,PASS
daily/2026-02-24/new_users,966.0,966.0,0.0,0.0,PASS
daily/2026-02-24/retained,5250.0,5250.0,0.0,0.0,PASS
daily/2026-02-24/returned,677.0,677.0,0.0,0.0,PASS
daily/2026-02-24/wau,23352.0,23352.0,0.0,0.0,PASS
daily/2026-02-25/dau,7065.0,7065.0,0.0,0.0,PASS
daily/2026-02-25/mau,40041.0,40041.0,0.0,0.0,PASS
daily/2026-02-25/new_active,963.0,963.0,0.0,0.0,PASS
daily/2026-02-25/new_users,963.0,963.0,0.0,0.0,PASS
daily/2026-02-25/retained,5302.0,5302.0,0.0,0.0,PASS
daily/2026-02-25/returned,800.0,800.0,0.0,0.0,PASS
daily/2026-02-25/wau,23660.0,23660.0,0.0,0.0,PASS
daily/2026-02-26/dau,7108.0,7108.0,0.0,0.0,PASS
daily/2026-02-26/mau,40554.0,40554.0,0.0,0.0,PASS
daily/2026-02-26/new_active,1045.0,1045.0,0.0,0.0,PASS
daily/2026-02-26/new_users,1045.0,1045.0,0.0,0.0,PASS
daily/2026-02-26/retained,5363.0,5363.0,0.0,0.0,PASS
daily/2026-02-26/returned,700.0,700.0,0.0,0.0,PASS
daily/2026-02-26/wau,23946.0,23946.0,0.0,0.0,PASS
daily/2026-02-27/dau,7134.0,7134.0,0.0,0.0,PASS
daily/2026-02-27/mau,41058.0,41058.0,0.0,0.0,PASS
daily/2026-02-27/new_active,960.0,960.0,0.0,0.0,PASS
daily/2026-02-27/new_users,960.0,960.0,0.0,0.0,PASS
daily/2026-02-27/retained,5433.0,5433.0,0.0,0.0,PASS
daily/2026-02-27/returned,741.0,741.0,0.0,0.0,PASS
daily/2026-02-27/wau,24186.0,24186.0,0.0,0.0,PASS
daily/2026-02-28/dau,7193.0,7193.0,0.0,0.0,PASS
daily/2026-02-28/mau,41581.0,41581.0,0.0,0.0,PASS
daily/2026-02-28/new_active,1021.0,1021.0,0.0,0.0,PASS
daily/2026-02-28/new_users,1021.0,1021.0,0.0,0.0,PASS
daily/2026-02-28/retained,5374.0,5374.0,0.0,0.0,PASS
daily/2026-02-28/returned,798.0,798.0,0.0,0.0,PASS
daily/2026-02-28/wau,24538.0,24538.0,0.0,0.0,PASS
daily/2026-03-01/dau,7361.0,7361.0,0.0,0.0,PASS
daily/2026-03-01/mau,42027.0,42027.0,0.0,0.0,PASS
daily/2026-03-01/new_active,978.0,978.0,0.0,0.0,PASS
daily/2026-03-01/new_users,978.0,978.0,0.0,0.0,PASS
daily/2026-03-01/retained,5610.0,5610.0,0.0,0.0,PASS
daily/2026-03-01/returned,773.0,773.0,0.0,0.0,PASS
daily/2026-03-01/wau,24865.0,24865.0,0.0,0.0,PASS
daily/2026-03-02/dau,7527.0,7527.0,0.0,0.0,PASS
daily/2026-03-02/mau,42469.0,42469.0,0.0,0.0,PASS
daily/2026-03-02/new_active,949.0,949.0,0.0,0.0,PASS
daily/2026-03-02/new_users,949.0,949.0,0.0,0.0,PASS
daily/2026-03-02/retained,5764.0,5764.0,0.0,0.0,PASS
daily/2026-03-02/returned,814.0,814.0,0.0,0.0,PASS
daily/2026-03-02/wau,25068.0,25068.0,0.0,0.0,PASS
daily/2026-03-03/dau,7374.0,7374.0,0.0,0.0,PASS
daily/2026-03-03/mau,42819.0,42819.0,0.0,0.0,PASS
daily/2026-03-03/new_active,916.0,916.0,0.0,0.0,PASS
daily/2026-03-03/new_users,916.0,916.0,0.0,0.0,PASS
daily/2026-03-03/retained,5671.0,5671.0,0.0,0.0,PASS
daily/2026-03-03/returned,787.0,787.0,0.0,0.0,PASS
daily/2026-03-03/wau,25268.0,25268.0,0.0,0.0,PASS
daily/2026-03-04/dau,7446.0,7446.0,0.0,0.0,PASS
daily/2026-03-04/mau,43302.0,43302.0,0.0,0.0,PASS
daily/2026-03-04/new_active,1011.0,1011.0,0.0,0.0,PASS
daily/2026-03-04/new_users,1011.0,1011.0,0.0,0.0,PASS
daily/2026-03-04/retained,5634.0,5634.0,0.0,0.0,PASS
daily/2026-03-04/returned,801.0,801.0,0.0,0.0,PASS
daily/2026-03-04/wau,25520.0,25520.0,0.0,0.0,PASS
daily/2026-03-05/dau,7615.0,7615.0,0.0,0.0,PASS
daily/2026-03-05/mau,43724.0,43724.0,0.0,0.0,PASS
daily/2026-03-05/new_active,978.0,978.0,0.0,0.0,PASS
daily/2026-03-05/new_users,978.0,978.0,0.0,0.0,PASS
daily/2026-03-05/retained,5850.0,5850.0,0.0,0.0,PASS
daily/2026-03-05/returned,787.0,787.0,0.0,0.0,PASS
daily/2026-03-05/wau,25686.0,25686.0,0.0,0.0,PASS
daily/2026-03-06/dau,7794.0,7794.0,0.0,0.0,PASS
daily/2026-03-06/mau,44223.0,44223.0,0.0,0.0,PASS
daily/2026-03-06/new_active,1059.0,1059.0,0.0,0.0,PASS
daily/2026-03-06/new_users,1059.0,1059.0,0.0,0.0,PASS
daily/2026-03-06/retained,5899.0,5899.0,0.0,0.0,PASS
daily/2026-03-06/returned,836.0,836.0,0.0,0.0,PASS
daily/2026-03-06/wau,26063.0,26063.0,0.0,0.0,PASS
daily/2026-03-07/dau,7684.0,7684.0,0.0,0.0,PASS
daily/2026-03-07/mau,44620.0,44620.0,0.0,0.0,PASS
daily/2026-03-07/new_active,980.0,980.0,0.0,0.0,PASS
daily/2026-03-07/new_users,980.0,980.0,0.0,0.0,PASS
daily/2026-03-07/retained,5897.0,5897.0,0.0,0.0,PASS
daily/2026-03-07/returned,807.0,807.0,0.0,0.0,PASS
daily/2026-03-07/wau,26335.0,26335.0,0.0,0.0,PASS
daily/2026-03-08/dau,7898.0,7898.0,0.0,0.0,PASS
daily/2026-03-08/mau,45172.0,45172.0,0.0,0.0,PASS
daily/2026-03-08/new_active,1073.0,1073.0,0.0,0.0,PASS
daily/2026-03-08/new_users,1073.0,1073.0,0.0,0.0,PASS
daily/2026-03-08/retained,5957.0,5957.0,0.0,0.0,PASS
daily/2026-03-08/returned,868.0,868.0,0.0,0.0,PASS
daily/2026-03-08/wau,26623.0,26623.0,0.0,0.0,PASS
daily/2026-03-09/dau,7960.0,7960.0,0.0,0.0,PASS
daily/2026-03-09/mau,45576.0,45576.0,0.0,0.0,PASS
daily/2026-03-09/new_active,981.0,981.0,0.0,0.0,PASS
daily/2026-03-09/new_users,981.0,981.0,0.0,0.0,PASS
daily/2026-03-09/retained,6102.0,6102.0,0.0,0.0,PASS
daily/2026-03-09/returned,877.0,877.0,0.0,0.0,PASS
daily/2026-03-09/wau,26830.0,26830.0,0.0,0.0,PASS
daily/2026-03-10/dau,7996.0,7996.0,0.0,0.0,PASS
daily/2026-03-10/mau,45975.0,45975.0,0.0,0.0,PASS
daily/2026-03-10/new_active,1005.0,1005.0,0.0,0.0,PASS
daily/2026-03-10/new_users,1005.0,1005.0,0.0,0.0,PASS
daily/2026-03-10/retained,6122.0,6122.0,0.0,0.0,PASS
daily/2026-03-10/returned,869.0,869.0,0.0,0.0,PASS
daily/2026-03-10/wau,27094.0,27094.0,0.0,0.0,PASS
daily/2026-03-11/dau,8114.0,8114.0,0.0,0.0,PASS
daily/2026-03-11/mau,46393.0,46393.0,0.0,0.0,PASS
daily/2026-03-11/new_active,992.0,992.0,0.0,0.0,PASS
daily/2026-03-11/new_users,992.0,992.0,0.0,0.0,PASS
daily/2026-03-11/retained,6221.0,6221.0,0.0,0.0,PASS
daily/2026-03-11/returned,901.0,901.0,0.0,0.0,PASS
daily/2026-03-11/wau,27399.0,27399.0,0.0,0.0,PASS
daily/2026-03-12/dau,8231.0,8231.0,0.0,0.0,PASS
daily/2026-03-12/mau,46835.0,46835.0,0.0,0.0,PASS
daily/2026-03-12/new_active,1049.0,1049.0,0.0,0.0,PASS
daily/2026-03-12/new_users,1049.0,1049.0,0.0,0.0,PASS
daily/2026-03-12/retained,6311.0,6311.0,0.0,0.0,PASS
daily/2026-03-12/returned,871.0,871.0,0.0,0.0,PASS
daily/2026-03-12/wau,27652.0,27652.0,0.0,0.0,PASS
daily/2026-03-13/dau,8326.0,8326.0,0.0,0.0,PASS
daily/2026-03-13/mau,47298.0,47298.0,0.0,0.0,PASS
daily/2026-03-13/new_active,1031.0,1031.0,0.0,0.0,PASS
daily/2026-03-13/new_users,1031.0,1031.0,0.0,0.0,PASS
daily/2026-03-13/retained,6330.0,6330.0,0.0,0.0,PASS
daily/2026-03-13/returned,965.0,965.0,0.0,0.0,PASS
daily/2026-03-13/wau,27947.0,27947.0,0.0,0.0,PASS
daily/2026-03-14/dau,8250.0,8250.0,0.0,0.0,PASS
daily/2026-03-14/mau,47752.0,47752.0,0.0,0.0,PASS
daily/2026-03-14/new_active,1052.0,1052.0,0.0,0.0,PASS
daily/2026-03-14/new_users,1052.0,1052.0,0.0,0.0,PASS
daily/2026-03-14/retained,6273.0,6273.0,0.0,0.0,PASS
daily/2026-03-14/returned,925.0,925.0,0.0,0.0,PASS
daily/2026-03-14/wau,28239.0,28239.0,0.0,0.0,PASS
daily/2026-03-15/dau,8411.0,8411.0,0.0,0.0,PASS
daily/2026-03-15/mau,48157.0,48157.0,0.0,0.0,PASS
daily/2026-03-15/new_active,1007.0,1007.0,0.0,0.0,PASS
daily/2026-03-15/new_users,1007.0,1007.0,0.0,0.0,PASS
daily/2026-03-15/retained,6488.0,6488.0,0.0,0.0,PASS
daily/2026-03-15/returned,916.0,916.0,0.0,0.0,PASS
daily/2026-03-15/wau,28489.0,28489.0,0.0,0.0,PASS
daily/2026-03-16/dau,8462.0,8462.0,0.0,0.0,PASS
daily/2026-03-16/mau,48546.0,48546.0,0.0,0.0,PASS
daily/2026-03-16/new_active,1005.0,1005.0,0.0,0.0,PASS
daily/2026-03-16/new_users,1005.0,1005.0,0.0,0.0,PASS
daily/2026-03-16/retained,6490.0,6490.0,0.0,0.0,PASS
daily/2026-03-16/returned,967.0,967.0,0.0,0.0,PASS
daily/2026-03-16/wau,28735.0,28735.0,0.0,0.0,PASS
daily/2026-03-17/dau,8628.0,8628.0,0.0,0.0,PASS
daily/2026-03-17/mau,48966.0,48966.0,0.0,0.0,PASS
daily/2026-03-17/new_active,1037.0,1037.0,0.0,0.0,PASS
daily/2026-03-17/new_users,1037.0,1037.0,0.0,0.0,PASS
daily/2026-03-17/retained,6583.0,6583.0,0.0,0.0,PASS
daily/2026-03-17/returned,1008.0,1008.0,0.0,0.0,PASS
daily/2026-03-17/wau,29036.0,29036.0,0.0,0.0,PASS
daily/2026-03-18/dau,8534.0,8534.0,0.0,0.0,PASS
daily/2026-03-18/mau,49371.0,49371.0,0.0,0.0,PASS
daily/2026-03-18/new_active,1023.0,1023.0,0.0,0.0,PASS
daily/2026-03-18/new_users,1023.0,1023.0,0.0,0.0,PASS
daily/2026-03-18/retained,6571.0,6571.0,0.0,0.0,PASS
daily/2026-03-18/returned,940.0,940.0,0.0,0.0,PASS
daily/2026-03-18/wau,29260.0,29260.0,0.0,0.0,PASS
daily/2026-03-19/dau,8583.0,8583.0,0.0,0.0,PASS
daily/2026-03-19/mau,49786.0,49786.0,0.0,0.0,PASS
daily/2026-03-19/new_active,1061.0,1061.0,0.0,0.0,PASS
daily/2026-03-19/new_users,1061.0,1061.0,0.0,0.0,PASS
daily/2026-03-19/retained,6518.0,6518.0,0.0,0.0,PASS
daily/2026-03-19/returned,1004.0,1004.0,0.0,0.0,PASS
daily/2026-03-19/wau,29513.0,29513.0,0.0,0.0,PASS
daily/2026-03-20/dau,8631.0,8631.0,0.0,0.0,PASS
daily/2026-03-20/mau,50177.0,50177.0,0.0,0.0,PASS
daily/2026-03-20/new_active,1018.0,1018.0,0.0,0.0,PASS
daily/2026-03-20/new_users,1018.0,1018.0,0.0,0.0,PASS
daily/2026-03-20/retained,6623.0,6623.0,0.0,0.0,PASS
daily/2026-03-20/returned,990.0,990.0,0.0,0.0,PASS
daily/2026-03-20/wau,29659.0,29659.0,0.0,0.0,PASS
daily/2026-03-21/dau,8793.0,8793.0,0.0,0.0,PASS
daily/2026-03-21/mau,50552.0,50552.0,0.0,0.0,PASS
daily/2026-03-21/new_active,1030.0,1030.0,0.0,0.0,PASS
daily/2026-03-21/new_users,1030.0,1030.0,0.0,0.0,PASS
daily/2026-03-21/retained,6799.0,6799.0,0.0,0.0,PASS
daily/2026-03-21/returned,964.0,964.0,0.0,0.0,PASS
daily/2026-03-21/wau,29865.0,29865.0,0.0,0.0,PASS
daily/2026-03-22/dau,8826.0,8826.0,0.0,0.0,PASS
daily/2026-03-22/mau,50952.0,50952.0,0.0,0.0,PASS
daily/2026-03-22/new_active,1046.0,1046.0,0.0,0.0,PASS
daily/2026-03-22/new_users,1046.0,1046.0,0.0,0.0,PASS
daily/2026-03-22/retained,6728.0,6728.0,0.0,0.0,PASS
daily/2026-03-22/returned,1052.0,1052.0,0.0,0.0,PASS
daily/2026-03-22/wau,30178.0,30178.0,0.0,0.0,PASS
daily/2026-03-23/dau,8910.0,8910.0,0.0,0.0,PASS
daily/2026-03-23/mau,51366.0,51366.0,0.0,0.0,PASS
daily/2026-03-23/new_active,1038.0,1038.0,0.0,0.0,PASS
daily/2026-03-23/new_users,1038.0,1038.0,0.0,0.0,PASS
daily/2026-03-23/retained,6830.0,6830.0,0.0,0.0,PASS
daily/2026-03-23/returned,1042.0,1042.0,0.0,0.0,PASS
daily/2026-03-23/wau,30398.0,30398.0,0.0,0.0,PASS
daily/2026-03-24/dau,9087.0,9087.0,0.0,0.0,PASS
daily/2026-03-24/mau,51829.0,51829.0,0.0,0.0,PASS
daily/2026-03-24/new_active,1075.0,1075.0,0.0,0.0,PASS
daily/2026-03-24/new_users,1075.0,1075.0,0.0,0.0,PASS
daily/2026-03-24/retained,6957.0,6957.0,0.0,0.0,PASS
daily/2026-03-24/returned,1055.0,1055.0,0.0,0.0,PASS
daily/2026-03-24/wau,30696.0,30696.0,0.0,0.0,PASS
daily/2026-03-25/dau,9136.0,9136.0,0.0,0.0,PASS
daily/2026-03-25/mau,52201.0,52201.0,0.0,0.0,PASS
daily/2026-03-25/new_active,1079.0,1079.0,0.0,0.0,PASS
daily/2026-03-25/new_users,1079.0,1079.0,0.0,0.0,PASS
daily/2026-03-25/retained,7016.0,7016.0,0.0,0.0,PASS
daily/2026-03-25/returned,1041.0,1041.0,0.0,0.0,PASS
daily/2026-03-25/wau,30905.0,30905.0,0.0,0.0,PASS
daily/2026-03-26/dau,9255.0,9255.0,0.0,0.0,PASS
daily/2026-03-26/mau,52642.0,52642.0,0.0,0.0,PASS
daily/2026-03-26/new_active,1080.0,1080.0,0.0,0.0,PASS
daily/2026-03-26/new_users,1080.0,1080.0,0.0,0.0,PASS
daily/2026-03-26/retained,7115.0,7115.0,0.0,0.0,PASS
daily/2026-03-26/returned,1060.0,1060.0,0.0,0.0,PASS
daily/2026-03-26/wau,31195.0,31195.0,0.0,0.0,PASS
daily/2026-03-27/dau,9420.0,9420.0,0.0,0.0,PASS
daily/2026-03-27/mau,53087.0,53087.0,0.0,0.0,PASS
daily/2026-03-27/new_active,1099.0,1099.0,0.0,0.0,PASS
daily/2026-03-27/new_users,1099.0,1099.0,0.0,0.0,PASS
daily/2026-03-27/retained,7212.0,7212.0,0.0,0.0,PASS
daily/2026-03-27/returned,1109.0,1109.0,0.0,0.0,PASS
daily/2026-03-27/wau,31480.0,31480.0,0.0,0.0,PASS
daily/2026-03-28/dau,9439.0,9439.0,0.0,0.0,PASS
daily/2026-03-28/mau,53505.0,53505.0,0.0,0.0,PASS
daily/2026-03-28/new_active,1080.0,1080.0,0.0,0.0,PASS
daily/2026-03-28/new_users,1080.0,1080.0,0.0,0.0,PASS
daily/2026-03-28/retained,7297.0,7297.0,0.0,0.0,PASS
daily/2026-03-28/returned,1062.0,1062.0,0.0,0.0,PASS
daily/2026-03-28/wau,31805.0,31805.0,0.0,0.0,PASS
daily/2026-03-29/dau,9457.0,9457.0,0.0,0.0,PASS
daily/2026-03-29/mau,53891.0,53891.0,0.0,0.0,PASS
daily/2026-03-29/new_active,1044.0,1044.0,0.0,0.0,PASS
daily/2026-03-29/new_users,1044.0,1044.0,0.0,0.0,PASS
daily/2026-03-29/retained,7337.0,7337.0,0.0,0.0,PASS
daily/2026-03-29/returned,1076.0,1076.0,0.0,0.0,PASS
daily/2026-03-29/wau,31961.0,31961.0,0.0,0.0,PASS
daily/2026-03-30/dau,9610.0,9610.0,0.0,0.0,PASS
daily/2026-03-30/mau,54390.0,54390.0,0.0,0.0,PASS
daily/2026-03-30/new_active,1129.0,1129.0,0.0,0.0,PASS
daily/2026-03-30/new_users,1129.0,1129.0,0.0,0.0,PASS
daily/2026-03-30/retained,7410.0,7410.0,0.0,0.0,PASS
daily/2026-03-30/returned,1071.0,1071.0,0.0,0.0,PASS
daily/2026-03-30/wau,32273.0,32273.0,0.0,0.0,PASS
daily/2026-03-31/dau,9525.0,9525.0,0.0,0.0,PASS
daily/2026-03-31/mau,54776.0,54776.0,0.0,0.0,PASS
daily/2026-03-31/new_active,1069.0,1069.0,0.0,0.0,PASS
daily/2026-03-31/new_users,1069.0,1069.0,0.0,0.0,PASS
daily/2026-03-31/retained,7342.0,7342.0,0.0,0.0,PASS
daily/2026-03-31/returned,1114.0,1114.0,0.0,0.0,PASS
daily/2026-03-31/wau,32509.0,32509.0,0.0,0.0,PASS
daily/2026-04-01/dau,9604.0,9604.0,0.0,0.0,PASS
daily/2026-04-01/mau,55061.0,55061.0,0.0,0.0,PASS
daily/2026-04-01/new_active,1055.0,1055.0,0.0,0.0,PASS
daily/2026-04-01/new_users,1055.0,1055.0,0.0,0.0,PASS
daily/2026-04-01/retained,7430.0,7430.0,0.0,0.0,PASS
daily/2026-04-01/returned,1119.0,1119.0,0.0,0.0,PASS
daily/2026-04-01/wau,32754.0,32754.0,0.0,0.0,PASS
daily/2026-04-02/dau,9847.0,9847.0,0.0,0.0,PASS
daily/2026-04-02/mau,55535.0,55535.0,0.0,0.0,PASS
daily/2026-04-02/new_active,1154.0,1154.0,0.0,0.0,PASS
daily/2026-04-02/new_users,1154.0,1154.0,0.0,0.0,PASS
daily/2026-04-02/retained,7556.0,7556.0,0.0,0.0,PASS
daily/2026-04-02/returned,1137.0,1137.0,0.0,0.0,PASS
daily/2026-04-02/wau,33096.0,33096.0,0.0,0.0,PASS
daily/2026-04-03/dau,9800.0,9800.0,0.0,0.0,PASS
daily/2026-04-03/mau,55929.0,55929.0,0.0,0.0,PASS
daily/2026-04-03/new_active,1067.0,1067.0,0.0,0.0,PASS
daily/2026-04-03/new_users,1067.0,1067.0,0.0,0.0,PASS
daily/2026-04-03/retained,7583.0,7583.0,0.0,0.0,PASS
daily/2026-04-03/returned,1150.0,1150.0,0.0,0.0,PASS
daily/2026-04-03/wau,33256.0,33256.0,0.0,0.0,PASS
daily/2026-04-04/dau,9913.0,9913.0,0.0,0.0,PASS
daily/2026-04-04/mau,56308.0,56308.0,0.0,0.0,PASS
daily/2026-04-04/new_active,1066.0,1066.0,0.0,0.0,PASS
daily/2026-04-04/new_users,1066.0,1066.0,0.0,0.0,PASS
daily/2026-04-04/retained,7672.0,7672.0,0.0,0.0,PASS
daily/2026-04-04/returned,1175.0,1175.0,0.0,0.0,PASS
daily/2026-04-04/wau,33533.0,33533.0,0.0,0.0,PASS
daily/2026-04-05/dau,10016.0,10016.0,0.0,0.0,PASS
daily/2026-04-05/mau,56717.0,56717.0,0.0,0.0,PASS
daily/2026-04-05/new_active,1061.0,1061.0,0.0,0.0,PASS
daily/2026-04-05/new_users,1061.0,1061.0,0.0,0.0,PASS
daily/2026-04-05/retained,7728.0,7728.0,0.0,0.0,PASS
daily/2026-04-05/returned,1227.0,1227.0,0.0,0.0,PASS
daily/2026-04-05/wau,33837.0,33837.0,0.0,0.0,PASS
daily/2026-04-06/dau,9943.0,9943.0,0.0,0.0,PASS
daily/2026-04-06/mau,57136.0,57136.0,0.0,0.0,PASS
daily/2026-04-06/new_active,1106.0,1106.0,0.0,0.0,PASS
daily/2026-04-06/new_users,1106.0,1106.0,0.0,0.0,PASS
daily/2026-04-06/retained,7668.0,7668.0,0.0,0.0,PASS
daily/2026-04-06/returned,1169.0,1169.0,0.0,0.0,PASS
daily/2026-04-06/wau,34031.0,34031.0,0.0,0.0,PASS
daily/2026-04-07/dau,10148.0,10148.0,0.0,0.0,PASS
daily/2026-04-07/mau,57549.0,57549.0,0.0,0.0,PASS
daily/2026-04-07/new_active,1087.0,1087.0,0.0,0.0,PASS
daily/2026-04-07/new_users,1087.0,1087.0,0.0,0.0,PASS
daily/2026-04-07/retained,7806.0,7806.0,0.0,0.0,PASS
daily/2026-04-07/returned,1255.0,1255.0,0.0,0.0,PASS
daily/2026-04-07/wau,34337.0,34337.0,0.0,0.0,PASS
daily/2026-04-08/dau,10078.0,10078.0,0.0,0.0,PASS
daily/2026-04-08/mau,57977.0,57977.0,0.0,0.0,PASS
daily/2026-04-08/new_active,1103.0,1103.0,0.0,0.0,PASS
daily/2026-04-08/new_users,1103.0,1103.0,0.0,0.0,PASS
daily/2026-04-08/retained,7787.0,7787.0,0.0,0.0,PASS
daily/2026-04-08/returned,1188.0,1188.0,0.0,0.0,PASS
daily/2026-04-08/wau,34505.0,34505.0,0.0,0.0,PASS
daily/2026-04-09/dau,10342.0,10342.0,0.0,0.0,PASS
daily/2026-04-09/mau,58365.0,58365.0,0.0,0.0,PASS
daily/2026-04-09/new_active,1107.0,1107.0,0.0,0.0,PASS
daily/2026-04-09/new_users,1107.0,1107.0,0.0,0.0,PASS
daily/2026-04-09/retained,8080.0,8080.0,0.0,0.0,PASS
daily/2026-04-09/returned,1155.0,1155.0,0.0,0.0,PASS
daily/2026-04-09/wau,34731.0,34731.0,0.0,0.0,PASS
daily/2026-04-10/dau,10296.0,10296.0,0.0,0.0,PASS
daily/2026-04-10/mau,58803.0,58803.0,0.0,0.0,PASS
daily/2026-04-10/new_active,1149.0,1149.0,0.0,0.0,PASS
daily/2026-04-10/new_users,1149.0,1149.0,0.0,0.0,PASS
daily/2026-04-10/retained,7963.0,7963.0,0.0,0.0,PASS
daily/2026-04-10/returned,1184.0,1184.0,0.0,0.0,PASS
daily/2026-04-10/wau,34999.0,34999.0,0.0,0.0,PASS
daily/2026-04-11/dau,10199.0,10199.0,0.0,0.0,PASS
daily/2026-04-11/mau,59132.0,59132.0,0.0,0.0,PASS
daily/2026-04-11/new_active,1092.0,1092.0,0.0,0.0,PASS
daily/2026-04-11/new_users,1092.0,1092.0,0.0,0.0,PASS
daily/2026-04-11/retained,7944.0,7944.0,0.0,0.0,PASS
daily/2026-04-11/returned,1163.0,1163.0,0.0,0.0,PASS
daily/2026-04-11/wau,35104.0,35104.0,0.0,0.0,PASS
daily/2026-04-12/dau,10373.0,10373.0,0.0,0.0,PASS
daily/2026-04-12/mau,59520.0,59520.0,0.0,0.0,PASS
daily/2026-04-12/new_active,1168.0,1168.0,0.0,0.0,PASS
daily/2026-04-12/new_users,1168.0,1168.0,0.0,0.0,PASS
daily/2026-04-12/retained,7981.0,7981.0,0.0,0.0,PASS
daily/2026-04-12/returned,1224.0,1224.0,0.0,0.0,PASS
daily/2026-04-12/wau,35331.0,35331.0,0.0,0.0,PASS
daily/2026-04-13/dau,10540.0,10540.0,0.0,0.0,PASS
daily/2026-04-13/mau,59982.0,59982.0,0.0,0.0,PASS
daily/2026-04-13/new_active,1155.0,1155.0,0.0,0.0,PASS
daily/2026-04-13/new_users,1155.0,1155.0,0.0,0.0,PASS
daily/2026-04-13/retained,8119.0,8119.0,0.0,0.0,PASS
daily/2026-04-13/returned,1266.0,1266.0,0.0,0.0,PASS
daily/2026-04-13/wau,35655.0,35655.0,0.0,0.0,PASS
daily/2026-04-14/dau,10704.0,10704.0,0.0,0.0,PASS
daily/2026-04-14/mau,60402.0,60402.0,0.0,0.0,PASS
daily/2026-04-14/new_active,1140.0,1140.0,0.0,0.0,PASS
daily/2026-04-14/new_users,1140.0,1140.0,0.0,0.0,PASS
daily/2026-04-14/retained,8347.0,8347.0,0.0,0.0,PASS
daily/2026-04-14/returned,1217.0,1217.0,0.0,0.0,PASS
daily/2026-04-14/wau,35853.0,35853.0,0.0,0.0,PASS
daily/2026-04-15/dau,10635.0,10635.0,0.0,0.0,PASS
daily/2026-04-15/mau,60773.0,60773.0,0.0,0.0,PASS
daily/2026-04-15/new_active,1127.0,1127.0,0.0,0.0,PASS
daily/2026-04-15/new_users,1127.0,1127.0,0.0,0.0,PASS
daily/2026-04-15/retained,8251.0,8251.0,0.0,0.0,PASS
daily/2026-04-15/returned,1257.0,1257.0,0.0,0.0,PASS
daily/2026-04-15/wau,36132.0,36132.0,0.0,0.0,PASS
daily/2026-04-16/dau,10791.0,10791.0,0.0,0.0,PASS
daily/2026-04-16/mau,61148.0,61148.0,0.0,0.0,PASS
daily/2026-04-16/new_active,1113.0,1113.0,0.0,0.0,PASS
daily/2026-04-16/new_users,1113.0,1113.0,0.0,0.0,PASS
daily/2026-04-16/retained,8339.0,8339.0,0.0,0.0,PASS
daily/2026-04-16/returned,1339.0,1339.0,0.0,0.0,PASS
daily/2026-04-16/wau,36310.0,36310.0,0.0,0.0,PASS
daily/2026-04-17/dau,10761.0,10761.0,0.0,0.0,PASS
daily/2026-04-17/mau,61543.0,61543.0,0.0,0.0,PASS
daily/2026-04-17/new_active,1144.0,1144.0,0.0,0.0,PASS
daily/2026-04-17/new_users,1144.0,1144.0,0.0,0.0,PASS
daily/2026-04-17/retained,8314.0,8314.0,0.0,0.0,PASS
daily/2026-04-17/returned,1303.0,1303.0,0.0,0.0,PASS
daily/2026-04-17/wau,36545.0,36545.0,0.0,0.0,PASS
daily/2026-04-18/dau,10920.0,10920.0,0.0,0.0,PASS
daily/2026-04-18/mau,61923.0,61923.0,0.0,0.0,PASS
daily/2026-04-18/new_active,1124.0,1124.0,0.0,0.0,PASS
daily/2026-04-18/new_users,1124.0,1124.0,0.0,0.0,PASS
daily/2026-04-18/retained,8486.0,8486.0,0.0,0.0,PASS
daily/2026-04-18/returned,1310.0,1310.0,0.0,0.0,PASS
daily/2026-04-18/wau,36815.0,36815.0,0.0,0.0,PASS
daily/2026-04-19/dau,10939.0,10939.0,0.0,0.0,PASS
daily/2026-04-19/mau,62276.0,62276.0,0.0,0.0,PASS
daily/2026-04-19/new_active,1106.0,1106.0,0.0,0.0,PASS
daily/2026-04-19/new_users,1106.0,1106.0,0.0,0.0,PASS
daily/2026-04-19/retained,8543.0,8543.0,0.0,0.0,PASS
daily/2026-04-19/returned,1290.0,1290.0,0.0,0.0,PASS
daily/2026-04-19/wau,36970.0,36970.0,0.0,0.0,PASS
daily/2026-04-20/dau,11094.0,11094.0,0.0,0.0,PASS
daily/2026-04-20/mau,62667.0,62667.0,0.0,0.0,PASS
daily/2026-04-20/new_active,1116.0,1116.0,0.0,0.0,PASS
daily/2026-04-20/new_users,1116.0,1116.0,0.0,0.0,PASS
daily/2026-04-20/retained,8649.0,8649.0,0.0,0.0,PASS
daily/2026-04-20/returned,1329.0,1329.0,0.0,0.0,PASS
daily/2026-04-20/wau,37126.0,37126.0,0.0,0.0,PASS
daily/2026-04-21/dau,11121.0,11121.0,0.0,0.0,PASS
daily/2026-04-21/mau,63105.0,63105.0,0.0,0.0,PASS
daily/2026-04-21/new_active,1188.0,1188.0,0.0,0.0,PASS
daily/2026-04-21/new_users,1188.0,1188.0,0.0,0.0,PASS
daily/2026-04-21/retained,8537.0,8537.0,0.0,0.0,PASS
daily/2026-04-21/returned,1396.0,1396.0,0.0,0.0,PASS
daily/2026-04-21/wau,37542.0,37542.0,0.0,0.0,PASS
daily/2026-04-22/dau,11152.0,11152.0,0.0,0.0,PASS
daily/2026-04-22/mau,63513.0,63513.0,0.0,0.0,PASS
daily/2026-04-22/new_active,1170.0,1170.0,0.0,0.0,PASS
daily/2026-04-22/new_users,1170.0,1170.0,0.0,0.0,PASS
daily/2026-04-22/retained,8621.0,8621.0,0.0,0.0,PASS
daily/2026-04-22/returned,1361.0,1361.0,0.0,0.0,PASS
daily/2026-04-22/wau,37904.0,37904.0,0.0,0.0,PASS
daily/2026-04-23/dau,11337.0,11337.0,0.0,0.0,PASS
daily/2026-04-23/mau,63920.0,63920.0,0.0,0.0,PASS
daily/2026-04-23/new_active,1164.0,1164.0,0.0,0.0,PASS
daily/2026-04-23/new_users,1164.0,1164.0,0.0,0.0,PASS
daily/2026-04-23/retained,8830.0,8830.0,0.0,0.0,PASS
daily/2026-04-23/returned,1343.0,1343.0,0.0,0.0,PASS
daily/2026-04-23/wau,38047.0,38047.0,0.0,0.0,PASS
daily/2026-04-24/dau,11324.0,11324.0,0.0,0.0,PASS
daily/2026-04-24/mau,64373.0,64373.0,0.0,0.0,PASS
daily/2026-04-24/new_active,1185.0,1185.0,0.0,0.0,PASS
daily/2026-04-24/new_users,1185.0,1185.0,0.0,0.0,PASS
daily/2026-04-24/retained,8713.0,8713.0,0.0,0.0,PASS
daily/2026-04-24/returned,1426.0,1426.0,0.0,0.0,PASS
daily/2026-04-24/wau,38475.0,38475.0,0.0,0.0,PASS
daily/2026-04-25/dau,11499.0,11499.0,0.0,0.0,PASS
daily/2026-04-25/mau,64786.0,64786.0,0.0,0.0,PASS
daily/2026-04-25/new_active,1175.0,1175.0,0.0,0.0,PASS
daily/2026-04-25/new_users,1175.0,1175.0,0.0,0.0,PASS
daily/2026-04-25/retained,8921.0,8921.0,0.0,0.0,PASS
daily/2026-04-25/returned,1403.0,1403.0,0.0,0.0,PASS
daily/2026-04-25/wau,38766.0,38766.0,0.0,0.0,PASS
daily/2026-04-26/dau,11628.0,11628.0,0.0,0.0,PASS
daily/2026-04-26/mau,65222.0,65222.0,0.0,0.0,PASS
daily/2026-04-26/new_active,1217.0,1217.0,0.0,0.0,PASS
daily/2026-04-26/new_users,1217.0,1217.0,0.0,0.0,PASS
daily/2026-04-26/retained,9075.0,9075.0,0.0,0.0,PASS
daily/2026-04-26/returned,1336.0,1336.0,0.0,0.0,PASS
daily/2026-04-26/wau,39086.0,39086.0,0.0,0.0,PASS
daily/2026-04-27/dau,11586.0,11586.0,0.0,0.0,PASS
daily/2026-04-27/mau,65576.0,65576.0,0.0,0.0,PASS
daily/2026-04-27/new_active,1172.0,1172.0,0.0,0.0,PASS
daily/2026-04-27/new_users,1172.0,1172.0,0.0,0.0,PASS
daily/2026-04-27/retained,9050.0,9050.0,0.0,0.0,PASS
daily/2026-04-27/returned,1364.0,1364.0,0.0,0.0,PASS
daily/2026-04-27/wau,39267.0,39267.0,0.0,0.0,PASS
daily/2026-04-28/dau,11686.0,11686.0,0.0,0.0,PASS
daily/2026-04-28/mau,66034.0,66034.0,0.0,0.0,PASS
daily/2026-04-28/new_active,1188.0,1188.0,0.0,0.0,PASS
daily/2026-04-28/new_users,1188.0,1188.0,0.0,0.0,PASS
daily/2026-04-28/retained,9089.0,9089.0,0.0,0.0,PASS
daily/2026-04-28/returned,1409.0,1409.0,0.0,0.0,PASS
daily/2026-04-28/wau,39583.0,39583.0,0.0,0.0,PASS
daily/2026-04-29/dau,11714.0,11714.0,0.0,0.0,PASS
daily/2026-04-29/mau,66440.0,66440.0,0.0,0.0,PASS
daily/2026-04-29/new_active,1182.0,1182.0,0.0,0.0,PASS
daily/2026-04-29/new_users,1182.0,1182.0,0.0,0.0,PASS
daily/2026-04-29/retained,9121.0,9121.0,0.0,0.0,PASS
daily/2026-04-29/returned,1411.0,1411.0,0.0,0.0,PASS
daily/2026-04-29/wau,39875.0,39875.0,0.0,0.0,PASS
daily/2026-04-30/dau,11750.0,11750.0,0.0,0.0,PASS
daily/2026-04-30/mau,66815.0,66815.0,0.0,0.0,PASS
daily/2026-04-30/new_active,1194.0,1194.0,0.0,0.0,PASS
daily/2026-04-30/new_users,1194.0,1194.0,0.0,0.0,PASS
daily/2026-04-30/retained,9142.0,9142.0,0.0,0.0,PASS
daily/2026-04-30/returned,1414.0,1414.0,0.0,0.0,PASS
daily/2026-04-30/wau,40068.0,40068.0,0.0,0.0,PASS
daily/2026-05-01/dau,14024.0,14024.0,0.0,0.0,PASS
daily/2026-05-01/mau,68968.0,68968.0,0.0,0.0,PASS
daily/2026-05-01/new_active,1621.0,1621.0,0.0,0.0,PASS
daily/2026-05-01/new_users,1621.0,1621.0,0.0,0.0,PASS
daily/2026-05-01/retained,9142.0,9142.0,0.0,0.0,PASS
daily/2026-05-01/returned,3261.0,3261.0,0.0,0.0,PASS
daily/2026-05-01/wau,42535.0,42535.0,0.0,0.0,PASS
daily/2026-05-02/dau,15034.0,15034.0,0.0,0.0,PASS
daily/2026-05-02/mau,71260.0,71260.0,0.0,0.0,PASS
daily/2026-05-02/new_active,1671.0,1671.0,0.0,0.0,PASS
daily/2026-05-02/new_users,1671.0,1671.0,0.0,0.0,PASS
daily/2026-05-02/retained,10066.0,10066.0,0.0,0.0,PASS
daily/2026-05-02/returned,3297.0,3297.0,0.0,0.0,PASS
daily/2026-05-02/wau,45072.0,45072.0,0.0,0.0,PASS
daily/2026-05-03/dau,15330.0,15330.0,0.0,0.0,PASS
daily/2026-05-03/mau,73554.0,73554.0,0.0,0.0,PASS
daily/2026-05-03/new_active,1673.0,1673.0,0.0,0.0,PASS
daily/2026-05-03/new_users,1673.0,1673.0,0.0,0.0,PASS
daily/2026-05-03/retained,10486.0,10486.0,0.0,0.0,PASS
daily/2026-05-03/returned,3171.0,3171.0,0.0,0.0,PASS
daily/2026-05-03/wau,47414.0,47414.0,0.0,0.0,PASS
daily/2026-05-04/dau,16218.0,16218.0,0.0,0.0,PASS
daily/2026-05-04/mau,75835.0,75835.0,0.0,0.0,PASS
daily/2026-05-04/new_active,1651.0,1651.0,0.0,0.0,PASS
daily/2026-05-04/new_users,1651.0,1651.0,0.0,0.0,PASS
daily/2026-05-04/retained,11207.0,11207.0,0.0,0.0,PASS
daily/2026-05-04/returned,3360.0,3360.0,0.0,0.0,PASS
daily/2026-05-04/wau,50005.0,50005.0,0.0,0.0,PASS
daily/2026-05-05/dau,16758.0,16758.0,0.0,0.0,PASS
daily/2026-05-05/mau,78182.0,78182.0,0.0,0.0,PASS
daily/2026-05-05/new_active,1727.0,1727.0,0.0,0.0,PASS
daily/2026-05-05/new_users,1727.0,1727.0,0.0,0.0,PASS
daily/2026-05-05/retained,11813.0,11813.0,0.0,0.0,PASS
daily/2026-05-05/returned,3218.0,3218.0,0.0,0.0,PASS
daily/2026-05-05/wau,52479.0,52479.0,0.0,0.0,PASS
daily/2026-05-06/dau,15697.0,15697.0,0.0,0.0,PASS
daily/2026-05-06/mau,79167.0,79167.0,0.0,0.0,PASS
daily/2026-05-06/new_active,1678.0,1678.0,0.0,0.0,PASS
daily/2026-05-06/new_users,1678.0,1678.0,0.0,0.0,PASS
daily/2026-05-06/retained,12501.0,12501.0,0.0,0.0,PASS
daily/2026-05-06/returned,1518.0,1518.0,0.0,0.0,PASS
daily/2026-05-06/wau,53191.0,53191.0,0.0,0.0,PASS
daily/2026-05-07/dau,15747.0,15747.0,0.0,0.0,PASS
daily/2026-05-07/mau,80121.0,80121.0,0.0,0.0,PASS
daily/2026-05-07/new_active,1663.0,1663.0,0.0,0.0,PASS
daily/2026-05-07/new_users,1663.0,1663.0,0.0,0.0,PASS
daily/2026-05-07/retained,12563.0,12563.0,0.0,0.0,PASS
daily/2026-05-07/returned,1521.0,1521.0,0.0,0.0,PASS
daily/2026-05-07/wau,53900.0,53900.0,0.0,0.0,PASS
daily/2026-05-08/dau,15840.0,15840.0,0.0,0.0,PASS
daily/2026-05-08/mau,81145.0,81145.0,0.0,0.0,PASS
daily/2026-05-08/new_active,1695.0,1695.0,0.0,0.0,PASS
daily/2026-05-08/new_users,1695.0,1695.0,0.0,0.0,PASS
daily/2026-05-08/retained,12547.0,12547.0,0.0,0.0,PASS
daily/2026-05-08/returned,1598.0,1598.0,0.0,0.0,PASS
daily/2026-05-08/wau,54226.0,54226.0,0.0,0.0,PASS
daily/2026-05-09/dau,15447.0,15447.0,0.0,0.0,PASS
daily/2026-05-09/mau,81618.0,81618.0,0.0,0.0,PASS
daily/2026-05-09/new_active,1204.0,1204.0,0.0,0.0,PASS
daily/2026-05-09/new_users,1204.0,1204.0,0.0,0.0,PASS
daily/2026-05-09/retained,12651.0,12651.0,0.0,0.0,PASS
daily/2026-05-09/returned,1592.0,1592.0,0.0,0.0,PASS
daily/2026-05-09/wau,53850.0,53850.0,0.0,0.0,PASS
daily/2026-05-10/dau,15341.0,15341.0,0.0,0.0,PASS
daily/2026-05-10/mau,82077.0,82077.0,0.0,0.0,PASS
daily/2026-05-10/new_active,1170.0,1170.0,0.0,0.0,PASS
daily/2026-05-10/new_users,1170.0,1170.0,0.0,0.0,PASS
daily/2026-05-10/retained,12371.0,12371.0,0.0,0.0,PASS
daily/2026-05-10/returned,1800.0,1800.0,0.0,0.0,PASS
daily/2026-05-10/wau,53563.0,53563.0,0.0,0.0,PASS
daily/2026-05-11/dau,15268.0,15268.0,0.0,0.0,PASS
daily/2026-05-11/mau,82548.0,82548.0,0.0,0.0,PASS
daily/2026-05-11/new_active,1169.0,1169.0,0.0,0.0,PASS
daily/2026-05-11/new_users,1169.0,1169.0,0.0,0.0,PASS
daily/2026-05-11/retained,12292.0,12292.0,0.0,0.0,PASS
daily/2026-05-11/returned,1807.0,1807.0,0.0,0.0,PASS
daily/2026-05-11/wau,53209.0,53209.0,0.0,0.0,PASS
daily/2026-05-12/dau,15390.0,15390.0,0.0,0.0,PASS
daily/2026-05-12/mau,83098.0,83098.0,0.0,0.0,PASS
daily/2026-05-12/new_active,1231.0,1231.0,0.0,0.0,PASS
daily/2026-05-12/new_users,1231.0,1231.0,0.0,0.0,PASS
daily/2026-05-12/retained,12276.0,12276.0,0.0,0.0,PASS
daily/2026-05-12/returned,1883.0,1883.0,0.0,0.0,PASS
daily/2026-05-12/wau,52816.0,52816.0,0.0,0.0,PASS
daily/2026-05-13/dau,15291.0,15291.0,0.0,0.0,PASS
daily/2026-05-13/mau,83645.0,83645.0,0.0,0.0,PASS
daily/2026-05-13/new_active,1304.0,1304.0,0.0,0.0,PASS
daily/2026-05-13/new_users,1304.0,1304.0,0.0,0.0,PASS
daily/2026-05-13/retained,12128.0,12128.0,0.0,0.0,PASS
daily/2026-05-13/returned,1859.0,1859.0,0.0,0.0,PASS
daily/2026-05-13/wau,52688.0,52688.0,0.0,0.0,PASS
daily/2026-05-14/dau,15276.0,15276.0,0.0,0.0,PASS
daily/2026-05-14/mau,84221.0,84221.0,0.0,0.0,PASS
daily/2026-05-14/new_active,1266.0,1266.0,0.0,0.0,PASS
daily/2026-05-14/new_users,1266.0,1266.0,0.0,0.0,PASS
daily/2026-05-14/retained,12076.0,12076.0,0.0,0.0,PASS
daily/2026-05-14/returned,1934.0,1934.0,0.0,0.0,PASS
daily/2026-05-14/wau,52602.0,52602.0,0.0,0.0,PASS
daily/2026-05-15/dau,15416.0,15416.0,0.0,0.0,PASS
daily/2026-05-15/mau,84755.0,84755.0,0.0,0.0,PASS
daily/2026-05-15/new_active,1240.0,1240.0,0.0,0.0,PASS
daily/2026-05-15/new_users,1240.0,1240.0,0.0,0.0,PASS
daily/2026-05-15/retained,12196.0,12196.0,0.0,0.0,PASS
daily/2026-05-15/returned,1980.0,1980.0,0.0,0.0,PASS
daily/2026-05-15/wau,52456.0,52456.0,0.0,0.0,PASS
daily/2026-05-16/dau,15199.0,15199.0,0.0,0.0,PASS
daily/2026-05-16/mau,85241.0,85241.0,0.0,0.0,PASS
daily/2026-05-16/new_active,1241.0,1241.0,0.0,0.0,PASS
daily/2026-05-16/new_users,1241.0,1241.0,0.0,0.0,PASS
daily/2026-05-16/retained,11984.0,11984.0,0.0,0.0,PASS
daily/2026-05-16/returned,1974.0,1974.0,0.0,0.0,PASS
daily/2026-05-16/wau,52455.0,52455.0,0.0,0.0,PASS
daily/2026-05-17/dau,15480.0,15480.0,0.0,0.0,PASS
daily/2026-05-17/mau,85775.0,85775.0,0.0,0.0,PASS
daily/2026-05-17/new_active,1215.0,1215.0,0.0,0.0,PASS
daily/2026-05-17/new_users,1215.0,1215.0,0.0,0.0,PASS
daily/2026-05-17/retained,12258.0,12258.0,0.0,0.0,PASS
daily/2026-05-17/returned,2007.0,2007.0,0.0,0.0,PASS
daily/2026-05-17/wau,52489.0,52489.0,0.0,0.0,PASS
daily/2026-05-18/dau,15512.0,15512.0,0.0,0.0,PASS
daily/2026-05-18/mau,86318.0,86318.0,0.0,0.0,PASS
daily/2026-05-18/new_active,1303.0,1303.0,0.0,0.0,PASS
daily/2026-05-18/new_users,1303.0,1303.0,0.0,0.0,PASS
daily/2026-05-18/retained,12272.0,12272.0,0.0,0.0,PASS
daily/2026-05-18/returned,1937.0,1937.0,0.0,0.0,PASS
daily/2026-05-18/wau,52600.0,52600.0,0.0,0.0,PASS
daily/2026-05-19/dau,15547.0,15547.0,0.0,0.0,PASS
daily/2026-05-19/mau,86764.0,86764.0,0.0,0.0,PASS
daily/2026-05-19/new_active,1258.0,1258.0,0.0,0.0,PASS
daily/2026-05-19/new_users,1258.0,1258.0,0.0,0.0,PASS
daily/2026-05-19/retained,12269.0,12269.0,0.0,0.0,PASS
daily/2026-05-19/returned,2020.0,2020.0,0.0,0.0,PASS
daily/2026-05-19/wau,52647.0,52647.0,0.0,0.0,PASS
daily/2026-05-20/dau,15582.0,15582.0,0.0,0.0,PASS
daily/2026-05-20/mau,87143.0,87143.0,0.0,0.0,PASS
daily/2026-05-20/new_active,1210.0,1210.0,0.0,0.0,PASS
daily/2026-05-20/new_users,1210.0,1210.0,0.0,0.0,PASS
daily/2026-05-20/retained,12350.0,12350.0,0.0,0.0,PASS
daily/2026-05-20/returned,2022.0,2022.0,0.0,0.0,PASS
daily/2026-05-20/wau,52780.0,52780.0,0.0,0.0,PASS
daily/2026-05-21/dau,15603.0,15603.0,0.0,0.0,PASS
daily/2026-05-21/mau,87685.0,87685.0,0.0,0.0,PASS
daily/2026-05-21/new_active,1336.0,1336.0,0.0,0.0,PASS
daily/2026-05-21/new_users,1336.0,1336.0,0.0,0.0,PASS
daily/2026-05-21/retained,12327.0,12327.0,0.0,0.0,PASS
daily/2026-05-21/returned,1940.0,1940.0,0.0,0.0,PASS
daily/2026-05-21/wau,52884.0,52884.0,0.0,0.0,PASS
daily/2026-05-22/dau,15576.0,15576.0,0.0,0.0,PASS
daily/2026-05-22/mau,88128.0,88128.0,0.0,0.0,PASS
daily/2026-05-22/new_active,1247.0,1247.0,0.0,0.0,PASS
daily/2026-05-22/new_users,1247.0,1247.0,0.0,0.0,PASS
daily/2026-05-22/retained,12370.0,12370.0,0.0,0.0,PASS
daily/2026-05-22/returned,1959.0,1959.0,0.0,0.0,PASS
daily/2026-05-22/wau,52950.0,52950.0,0.0,0.0,PASS
daily/2026-05-23/dau,15674.0,15674.0,0.0,0.0,PASS
daily/2026-05-23/mau,88521.0,88521.0,0.0,0.0,PASS
daily/2026-05-23/new_active,1285.0,1285.0,0.0,0.0,PASS
daily/2026-05-23/new_users,1285.0,1285.0,0.0,0.0,PASS
daily/2026-05-23/retained,12412.0,12412.0,0.0,0.0,PASS
daily/2026-05-23/returned,1977.0,1977.0,0.0,0.0,PASS
daily/2026-05-23/wau,53192.0,53192.0,0.0,0.0,PASS
daily/2026-05-24/dau,15558.0,15558.0,0.0,0.0,PASS
daily/2026-05-24/mau,88900.0,88900.0,0.0,0.0,PASS
daily/2026-05-24/new_active,1243.0,1243.0,0.0,0.0,PASS
daily/2026-05-24/new_users,1243.0,1243.0,0.0,0.0,PASS
daily/2026-05-24/retained,12400.0,12400.0,0.0,0.0,PASS
daily/2026-05-24/returned,1915.0,1915.0,0.0,0.0,PASS
daily/2026-05-24/wau,53179.0,53179.0,0.0,0.0,PASS
daily/2026-05-25/dau,15630.0,15630.0,0.0,0.0,PASS
daily/2026-05-25/mau,89276.0,89276.0,0.0,0.0,PASS
daily/2026-05-25/new_active,1252.0,1252.0,0.0,0.0,PASS
daily/2026-05-25/new_users,1252.0,1252.0,0.0,0.0,PASS
daily/2026-05-25/retained,12448.0,12448.0,0.0,0.0,PASS
daily/2026-05-25/returned,1930.0,1930.0,0.0,0.0,PASS
daily/2026-05-25/wau,53091.0,53091.0,0.0,0.0,PASS
daily/2026-05-26/dau,15609.0,15609.0,0.0,0.0,PASS
daily/2026-05-26/mau,89512.0,89512.0,0.0,0.0,PASS
daily/2026-05-26/new_active,1238.0,1238.0,0.0,0.0,PASS
daily/2026-05-26/new_users,1238.0,1238.0,0.0,0.0,PASS
daily/2026-05-26/retained,12352.0,12352.0,0.0,0.0,PASS
daily/2026-05-26/returned,2019.0,2019.0,0.0,0.0,PASS
daily/2026-05-26/wau,53112.0,53112.0,0.0,0.0,PASS
daily/2026-05-27/dau,15578.0,15578.0,0.0,0.0,PASS
daily/2026-05-27/mau,89862.0,89862.0,0.0,0.0,PASS
daily/2026-05-27/new_active,1234.0,1234.0,0.0,0.0,PASS
daily/2026-05-27/new_users,1234.0,1234.0,0.0,0.0,PASS
daily/2026-05-27/retained,12334.0,12334.0,0.0,0.0,PASS
daily/2026-05-27/returned,2010.0,2010.0,0.0,0.0,PASS
daily/2026-05-27/wau,53117.0,53117.0,0.0,0.0,PASS
daily/2026-05-28/dau,15561.0,15561.0,0.0,0.0,PASS
daily/2026-05-28/mau,90205.0,90205.0,0.0,0.0,PASS
daily/2026-05-28/new_active,1234.0,1234.0,0.0,0.0,PASS
daily/2026-05-28/new_users,1234.0,1234.0,0.0,0.0,PASS
daily/2026-05-28/retained,12383.0,12383.0,0.0,0.0,PASS
daily/2026-05-28/returned,1944.0,1944.0,0.0,0.0,PASS
daily/2026-05-28/wau,53087.0,53087.0,0.0,0.0,PASS
daily/2026-05-29/dau,15737.0,15737.0,0.0,0.0,PASS
daily/2026-05-29/mau,90594.0,90594.0,0.0,0.0,PASS
daily/2026-05-29/new_active,1299.0,1299.0,0.0,0.0,PASS
daily/2026-05-29/new_users,1299.0,1299.0,0.0,0.0,PASS
daily/2026-05-29/retained,12389.0,12389.0,0.0,0.0,PASS
daily/2026-05-29/returned,2049.0,2049.0,0.0,0.0,PASS
daily/2026-05-29/wau,53307.0,53307.0,0.0,0.0,PASS
daily/2026-05-30/dau,15824.0,15824.0,0.0,0.0,PASS
daily/2026-05-30/mau,91035.0,91035.0,0.0,0.0,PASS
daily/2026-05-30/new_active,1312.0,1312.0,0.0,0.0,PASS
daily/2026-05-30/new_users,1312.0,1312.0,0.0,0.0,PASS
daily/2026-05-30/retained,12499.0,12499.0,0.0,0.0,PASS
daily/2026-05-30/returned,2013.0,2013.0,0.0,0.0,PASS
daily/2026-05-30/wau,53432.0,53432.0,0.0,0.0,PASS
daily/2026-05-31/dau,15695.0,15695.0,0.0,0.0,PASS
daily/2026-05-31/mau,91283.0,91283.0,0.0,0.0,PASS
daily/2026-05-31/new_active,1329.0,1329.0,0.0,0.0,PASS
daily/2026-05-31/new_users,1329.0,1329.0,0.0,0.0,PASS
daily/2026-05-31/retained,12346.0,12346.0,0.0,0.0,PASS
daily/2026-05-31/returned,2020.0,2020.0,0.0,0.0,PASS
daily/2026-05-31/wau,53630.0,53630.0,0.0,0.0,PASS
daily/2026-06-01/dau,15778.0,15778.0,0.0,0.0,PASS
daily/2026-06-01/mau,91302.0,91302.0,0.0,0.0,PASS
daily/2026-06-01/new_active,1303.0,1303.0,0.0,0.0,PASS
daily/2026-06-01/new_users,1303.0,1303.0,0.0,0.0,PASS
daily/2026-06-01/retained,12468.0,12468.0,0.0,0.0,PASS
daily/2026-06-01/returned,2007.0,2007.0,0.0,0.0,PASS
daily/2026-06-01/wau,53710.0,53710.0,0.0,0.0,PASS
daily/2026-06-02/dau,15920.0,15920.0,0.0,0.0,PASS
daily/2026-06-02/mau,91311.0,91311.0,0.0,0.0,PASS
daily/2026-06-02/new_active,1244.0,1244.0,0.0,0.0,PASS
daily/2026-06-02/new_users,1244.0,1244.0,0.0,0.0,PASS
daily/2026-06-02/retained,12649.0,12649.0,0.0,0.0,PASS
daily/2026-06-02/returned,2027.0,2027.0,0.0,0.0,PASS
daily/2026-06-02/wau,53850.0,53850.0,0.0,0.0,PASS
daily/2026-06-03/dau,15794.0,15794.0,0.0,0.0,PASS
daily/2026-06-03/mau,91267.0,91267.0,0.0,0.0,PASS
daily/2026-06-03/new_active,1256.0,1256.0,0.0,0.0,PASS
daily/2026-06-03/new_users,1256.0,1256.0,0.0,0.0,PASS
daily/2026-06-03/retained,12580.0,12580.0,0.0,0.0,PASS
daily/2026-06-03/returned,1958.0,1958.0,0.0,0.0,PASS
daily/2026-06-03/wau,53906.0,53906.0,0.0,0.0,PASS
daily/2026-06-04/dau,15765.0,15765.0,0.0,0.0,PASS
daily/2026-06-04/mau,91172.0,91172.0,0.0,0.0,PASS
daily/2026-06-04/new_active,1272.0,1272.0,0.0,0.0,PASS
daily/2026-06-04/new_users,1272.0,1272.0,0.0,0.0,PASS
daily/2026-06-04/retained,12469.0,12469.0,0.0,0.0,PASS
daily/2026-06-04/returned,2024.0,2024.0,0.0,0.0,PASS
daily/2026-06-04/wau,53959.0,53959.0,0.0,0.0,PASS
daily/2026-06-05/dau,16202.0,16202.0,0.0,0.0,PASS
daily/2026-06-05/mau,91181.0,91181.0,0.0,0.0,PASS
daily/2026-06-05/new_active,1314.0,1314.0,0.0,0.0,PASS
daily/2026-06-05/new_users,1314.0,1314.0,0.0,0.0,PASS
daily/2026-06-05/retained,12802.0,12802.0,0.0,0.0,PASS
daily/2026-06-05/returned,2086.0,2086.0,0.0,0.0,PASS
daily/2026-06-05/wau,54120.0,54120.0,0.0,0.0,PASS
daily/2026-06-06/dau,15805.0,15805.0,0.0,0.0,PASS
daily/2026-06-06/mau,91173.0,91173.0,0.0,0.0,PASS
daily/2026-06-06/new_active,1230.0,1230.0,0.0,0.0,PASS
daily/2026-06-06/new_users,1230.0,1230.0,0.0,0.0,PASS
daily/2026-06-06/retained,12565.0,12565.0,0.0,0.0,PASS
daily/2026-06-06/returned,2010.0,2010.0,0.0,0.0,PASS
daily/2026-06-06/wau,54158.0,54158.0,0.0,0.0,PASS
daily/2026-06-07/dau,16000.0,16000.0,0.0,0.0,PASS
daily/2026-06-07/mau,91341.0,91341.0,0.0,0.0,PASS
daily/2026-06-07/new_active,1375.0,1375.0,0.0,0.0,PASS
daily/2026-06-07/new_users,1375.0,1375.0,0.0,0.0,PASS
daily/2026-06-07/retained,12605.0,12605.0,0.0,0.0,PASS
daily/2026-06-07/returned,2020.0,2020.0,0.0,0.0,PASS
daily/2026-06-07/wau,54317.0,54317.0,0.0,0.0,PASS
daily/2026-06-08/dau,16062.0,16062.0,0.0,0.0,PASS
daily/2026-06-08/mau,91561.0,91561.0,0.0,0.0,PASS
daily/2026-06-08/new_active,1348.0,1348.0,0.0,0.0,PASS
daily/2026-06-08/new_users,1348.0,1348.0,0.0,0.0,PASS
daily/2026-06-08/retained,12652.0,12652.0,0.0,0.0,PASS
daily/2026-06-08/returned,2062.0,2062.0,0.0,0.0,PASS
daily/2026-06-08/wau,54504.0,54504.0,0.0,0.0,PASS
daily/2026-06-09/dau,16055.0,16055.0,0.0,0.0,PASS
daily/2026-06-09/mau,91708.0,91708.0,0.0,0.0,PASS
daily/2026-06-09/new_active,1287.0,1287.0,0.0,0.0,PASS
daily/2026-06-09/new_users,1287.0,1287.0,0.0,0.0,PASS
daily/2026-06-09/retained,12699.0,12699.0,0.0,0.0,PASS
daily/2026-06-09/returned,2069.0,2069.0,0.0,0.0,PASS
daily/2026-06-09/wau,54569.0,54569.0,0.0,0.0,PASS
daily/2026-06-10/dau,16138.0,16138.0,0.0,0.0,PASS
daily/2026-06-10/mau,91898.0,91898.0,0.0,0.0,PASS
daily/2026-06-10/new_active,1293.0,1293.0,0.0,0.0,PASS
daily/2026-06-10/new_users,1293.0,1293.0,0.0,0.0,PASS
daily/2026-06-10/retained,12759.0,12759.0,0.0,0.0,PASS
daily/2026-06-10/returned,2086.0,2086.0,0.0,0.0,PASS
daily/2026-06-10/wau,54753.0,54753.0,0.0,0.0,PASS
daily/2026-06-11/dau,16234.0,16234.0,0.0,0.0,PASS
daily/2026-06-11/mau,92043.0,92043.0,0.0,0.0,PASS
daily/2026-06-11/new_active,1308.0,1308.0,0.0,0.0,PASS
daily/2026-06-11/new_users,1308.0,1308.0,0.0,0.0,PASS
daily/2026-06-11/retained,12862.0,12862.0,0.0,0.0,PASS
daily/2026-06-11/returned,2064.0,2064.0,0.0,0.0,PASS
daily/2026-06-11/wau,54920.0,54920.0,0.0,0.0,PASS
daily/2026-06-12/dau,16355.0,16355.0,0.0,0.0,PASS
daily/2026-06-12/mau,92347.0,92347.0,0.0,0.0,PASS
daily/2026-06-12/new_active,1382.0,1382.0,0.0,0.0,PASS
daily/2026-06-12/new_users,1382.0,1382.0,0.0,0.0,PASS
daily/2026-06-12/retained,12858.0,12858.0,0.0,0.0,PASS
daily/2026-06-12/returned,2115.0,2115.0,0.0,0.0,PASS
daily/2026-06-12/wau,55040.0,55040.0,0.0,0.0,PASS
daily/2026-06-13/dau,16280.0,16280.0,0.0,0.0,PASS
daily/2026-06-13/mau,92510.0,92510.0,0.0,0.0,PASS
daily/2026-06-13/new_active,1308.0,1308.0,0.0,0.0,PASS
daily/2026-06-13/new_users,1308.0,1308.0,0.0,0.0,PASS
daily/2026-06-13/retained,12884.0,12884.0,0.0,0.0,PASS
daily/2026-06-13/returned,2088.0,2088.0,0.0,0.0,PASS
daily/2026-06-13/wau,55227.0,55227.0,0.0,0.0,PASS
daily/2026-06-14/dau,16552.0,16552.0,0.0,0.0,PASS
daily/2026-06-14/mau,92818.0,92818.0,0.0,0.0,PASS
daily/2026-06-14/new_active,1409.0,1409.0,0.0,0.0,PASS
daily/2026-06-14/new_users,1409.0,1409.0,0.0,0.0,PASS
daily/2026-06-14/retained,13000.0,13000.0,0.0,0.0,PASS
daily/2026-06-14/returned,2143.0,2143.0,0.0,0.0,PASS
daily/2026-06-14/wau,55549.0,55549.0,0.0,0.0,PASS
daily/2026-06-15/dau,16406.0,16406.0,0.0,0.0,PASS
daily/2026-06-15/mau,93054.0,93054.0,0.0,0.0,PASS
daily/2026-06-15/new_active,1298.0,1298.0,0.0,0.0,PASS
daily/2026-06-15/new_users,1298.0,1298.0,0.0,0.0,PASS
daily/2026-06-15/retained,12996.0,12996.0,0.0,0.0,PASS
daily/2026-06-15/returned,2112.0,2112.0,0.0,0.0,PASS
daily/2026-06-15/wau,55653.0,55653.0,0.0,0.0,PASS
daily/2026-06-16/dau,16550.0,16550.0,0.0,0.0,PASS
daily/2026-06-16/mau,93282.0,93282.0,0.0,0.0,PASS
daily/2026-06-16/new_active,1332.0,1332.0,0.0,0.0,PASS
daily/2026-06-16/new_users,1332.0,1332.0,0.0,0.0,PASS
daily/2026-06-16/retained,13012.0,13012.0,0.0,0.0,PASS
daily/2026-06-16/returned,2206.0,2206.0,0.0,0.0,PASS
daily/2026-06-16/wau,55921.0,55921.0,0.0,0.0,PASS
daily/2026-06-17/dau,16563.0,16563.0,0.0,0.0,PASS
daily/2026-06-17/mau,93419.0,93419.0,0.0,0.0,PASS
daily/2026-06-17/new_active,1340.0,1340.0,0.0,0.0,PASS
daily/2026-06-17/new_users,1340.0,1340.0,0.0,0.0,PASS
daily/2026-06-17/retained,13130.0,13130.0,0.0,0.0,PASS
daily/2026-06-17/returned,2093.0,2093.0,0.0,0.0,PASS
daily/2026-06-17/wau,56160.0,56160.0,0.0,0.0,PASS
daily/2026-06-18/dau,16579.0,16579.0,0.0,0.0,PASS
daily/2026-06-18/mau,93615.0,93615.0,0.0,0.0,PASS
daily/2026-06-18/new_active,1353.0,1353.0,0.0,0.0,PASS
daily/2026-06-18/new_users,1353.0,1353.0,0.0,0.0,PASS
daily/2026-06-18/retained,13080.0,13080.0,0.0,0.0,PASS
daily/2026-06-18/returned,2146.0,2146.0,0.0,0.0,PASS
daily/2026-06-18/wau,56286.0,56286.0,0.0,0.0,PASS
daily/2026-06-19/dau,16717.0,16717.0,0.0,0.0,PASS
daily/2026-06-19/mau,93867.0,93867.0,0.0,0.0,PASS
daily/2026-06-19/new_active,1375.0,1375.0,0.0,0.0,PASS
daily/2026-06-19/new_users,1375.0,1375.0,0.0,0.0,PASS
daily/2026-06-19/retained,13218.0,13218.0,0.0,0.0,PASS
daily/2026-06-19/returned,2124.0,2124.0,0.0,0.0,PASS
daily/2026-06-19/wau,56354.0,56354.0,0.0,0.0,PASS
daily/2026-06-20/dau,16753.0,16753.0,0.0,0.0,PASS
daily/2026-06-20/mau,94091.0,94091.0,0.0,0.0,PASS
daily/2026-06-20/new_active,1375.0,1375.0,0.0,0.0,PASS
daily/2026-06-20/new_users,1375.0,1375.0,0.0,0.0,PASS
daily/2026-06-20/retained,13216.0,13216.0,0.0,0.0,PASS
daily/2026-06-20/returned,2162.0,2162.0,0.0,0.0,PASS
daily/2026-06-20/wau,56578.0,56578.0,0.0,0.0,PASS
daily/2026-06-21/dau,16663.0,16663.0,0.0,0.0,PASS
daily/2026-06-21/mau,94404.0,94404.0,0.0,0.0,PASS
daily/2026-06-21/new_active,1387.0,1387.0,0.0,0.0,PASS
daily/2026-06-21/new_users,1387.0,1387.0,0.0,0.0,PASS
daily/2026-06-21/retained,13089.0,13089.0,0.0,0.0,PASS
daily/2026-06-21/returned,2187.0,2187.0,0.0,0.0,PASS
daily/2026-06-21/wau,56810.0,56810.0,0.0,0.0,PASS
daily/2026-06-22/dau,16672.0,16672.0,0.0,0.0,PASS
daily/2026-06-22/mau,94616.0,94616.0,0.0,0.0,PASS
daily/2026-06-22/new_active,1308.0,1308.0,0.0,0.0,PASS
daily/2026-06-22/new_users,1308.0,1308.0,0.0,0.0,PASS
daily/2026-06-22/retained,13197.0,13197.0,0.0,0.0,PASS
daily/2026-06-22/returned,2167.0,2167.0,0.0,0.0,PASS
daily/2026-06-22/wau,56879.0,56879.0,0.0,0.0,PASS
daily/2026-06-23/dau,16979.0,16979.0,0.0,0.0,PASS
daily/2026-06-23/mau,94943.0,94943.0,0.0,0.0,PASS
daily/2026-06-23/new_active,1394.0,1394.0,0.0,0.0,PASS
daily/2026-06-23/new_users,1394.0,1394.0,0.0,0.0,PASS
daily/2026-06-23/retained,13422.0,13422.0,0.0,0.0,PASS
daily/2026-06-23/returned,2163.0,2163.0,0.0,0.0,PASS
daily/2026-06-23/wau,57102.0,57102.0,0.0,0.0,PASS
daily/2026-06-24/dau,16714.0,16714.0,0.0,0.0,PASS
daily/2026-06-24/mau,95124.0,95124.0,0.0,0.0,PASS
daily/2026-06-24/new_active,1320.0,1320.0,0.0,0.0,PASS
daily/2026-06-24/new_users,1320.0,1320.0,0.0,0.0,PASS
daily/2026-06-24/retained,13180.0,13180.0,0.0,0.0,PASS
daily/2026-06-24/returned,2214.0,2214.0,0.0,0.0,PASS
daily/2026-06-24/wau,57351.0,57351.0,0.0,0.0,PASS
daily/2026-06-25/dau,16993.0,16993.0,0.0,0.0,PASS
daily/2026-06-25/mau,95376.0,95376.0,0.0,0.0,PASS
daily/2026-06-25/new_active,1396.0,1396.0,0.0,0.0,PASS
daily/2026-06-25/new_users,1396.0,1396.0,0.0,0.0,PASS
daily/2026-06-25/retained,13422.0,13422.0,0.0,0.0,PASS
daily/2026-06-25/returned,2175.0,2175.0,0.0,0.0,PASS
daily/2026-06-25/wau,57505.0,57505.0,0.0,0.0,PASS
daily/2026-06-26/dau,17020.0,17020.0,0.0,0.0,PASS
daily/2026-06-26/mau,95669.0,95669.0,0.0,0.0,PASS
daily/2026-06-26/new_active,1390.0,1390.0,0.0,0.0,PASS
daily/2026-06-26/new_users,1390.0,1390.0,0.0,0.0,PASS
daily/2026-06-26/retained,13453.0,13453.0,0.0,0.0,PASS
daily/2026-06-26/returned,2177.0,2177.0,0.0,0.0,PASS
daily/2026-06-26/wau,57614.0,57614.0,0.0,0.0,PASS
daily/2026-06-27/dau,17073.0,17073.0,0.0,0.0,PASS
daily/2026-06-27/mau,95979.0,95979.0,0.0,0.0,PASS
daily/2026-06-27/new_active,1415.0,1415.0,0.0,0.0,PASS
daily/2026-06-27/new_users,1415.0,1415.0,0.0,0.0,PASS
daily/2026-06-27/retained,13435.0,13435.0,0.0,0.0,PASS
daily/2026-06-27/returned,2223.0,2223.0,0.0,0.0,PASS
daily/2026-06-27/wau,57793.0,57793.0,0.0,0.0,PASS
daily/2026-06-28/dau,16922.0,16922.0,0.0,0.0,PASS
daily/2026-06-28/mau,96167.0,96167.0,0.0,0.0,PASS
daily/2026-06-28/new_active,1308.0,1308.0,0.0,0.0,PASS
daily/2026-06-28/new_users,1308.0,1308.0,0.0,0.0,PASS
daily/2026-06-28/retained,13418.0,13418.0,0.0,0.0,PASS
daily/2026-06-28/returned,2196.0,2196.0,0.0,0.0,PASS
daily/2026-06-28/wau,57855.0,57855.0,0.0,0.0,PASS
daily/2026-06-29/dau,17099.0,17099.0,0.0,0.0,PASS
daily/2026-06-29/mau,96395.0,96395.0,0.0,0.0,PASS
daily/2026-06-29/new_active,1361.0,1361.0,0.0,0.0,PASS
daily/2026-06-29/new_users,1361.0,1361.0,0.0,0.0,PASS
daily/2026-06-29/retained,13508.0,13508.0,0.0,0.0,PASS
daily/2026-06-29/returned,2230.0,2230.0,0.0,0.0,PASS
daily/2026-06-29/wau,58034.0,58034.0,0.0,0.0,PASS
funnel/channel/creator/Register,32405.0,32405.0,0.0,0.0,PASS
funnel/channel/creator/activity_enter,12462.0,12462.0,0.0,0.0,PASS
funnel/channel/creator/chapter_2,20882.0,20882.0,0.0,0.0,PASS
funnel/channel/creator/chapter_3,15234.0,15234.0,0.0,0.0,PASS
funnel/channel/creator/core_loop_unlock,28892.0,28892.0,0.0,0.0,PASS
funnel/channel/creator/social_interaction,6556.0,6556.0,0.0,0.0,PASS
funnel/channel/creator/tutorial_complete,30767.0,30767.0,0.0,0.0,PASS
funnel/channel/creator/tutorial_start,32405.0,32405.0,0.0,0.0,PASS
funnel/channel/cross_promo/Register,23052.0,23052.0,0.0,0.0,PASS
funnel/channel/cross_promo/activity_enter,8649.0,8649.0,0.0,0.0,PASS
funnel/channel/cross_promo/chapter_2,14777.0,14777.0,0.0,0.0,PASS
funnel/channel/cross_promo/chapter_3,10673.0,10673.0,0.0,0.0,PASS
funnel/channel/cross_promo/core_loop_unlock,20466.0,20466.0,0.0,0.0,PASS
funnel/channel/cross_promo/social_interaction,4590.0,4590.0,0.0,0.0,PASS
funnel/channel/cross_promo/tutorial_complete,21852.0,21852.0,0.0,0.0,PASS
funnel/channel/cross_promo/tutorial_start,23052.0,23052.0,0.0,0.0,PASS
funnel/channel/organic/Register,38024.0,38024.0,0.0,0.0,PASS
funnel/channel/organic/activity_enter,14612.0,14612.0,0.0,0.0,PASS
funnel/channel/organic/chapter_2,24391.0,24391.0,0.0,0.0,PASS
funnel/channel/organic/chapter_3,17879.0,17879.0,0.0,0.0,PASS
funnel/channel/organic/core_loop_unlock,33778.0,33778.0,0.0,0.0,PASS
funnel/channel/organic/social_interaction,7574.0,7574.0,0.0,0.0,PASS
funnel/channel/organic/tutorial_complete,36117.0,36117.0,0.0,0.0,PASS
funnel/channel/organic/tutorial_start,38024.0,38024.0,0.0,0.0,PASS
funnel/channel/referral/Register,17065.0,17065.0,0.0,0.0,PASS
funnel/channel/referral/activity_enter,6625.0,6625.0,0.0,0.0,PASS
funnel/channel/referral/chapter_2,11107.0,11107.0,0.0,0.0,PASS
funnel/channel/referral/chapter_3,8061.0,8061.0,0.0,0.0,PASS
funnel/channel/referral/core_loop_unlock,15222.0,15222.0,0.0,0.0,PASS
funnel/channel/referral/social_interaction,4144.0,4144.0,0.0,0.0,PASS
funnel/channel/referral/tutorial_complete,16226.0,16226.0,0.0,0.0,PASS
funnel/channel/referral/tutorial_start,17065.0,17065.0,0.0,0.0,PASS
funnel/channel/store_feature/Register,19118.0,19118.0,0.0,0.0,PASS
funnel/channel/store_feature/activity_enter,7189.0,7189.0,0.0,0.0,PASS
funnel/channel/store_feature/chapter_2,12058.0,12058.0,0.0,0.0,PASS
funnel/channel/store_feature/chapter_3,8744.0,8744.0,0.0,0.0,PASS
funnel/channel/store_feature/core_loop_unlock,16867.0,16867.0,0.0,0.0,PASS
funnel/channel/store_feature/social_interaction,3702.0,3702.0,0.0,0.0,PASS
funnel/channel/store_feature/tutorial_complete,18049.0,18049.0,0.0,0.0,PASS
funnel/channel/store_feature/tutorial_start,19118.0,19118.0,0.0,0.0,PASS
funnel/channel/video_ads/Register,60752.0,60752.0,0.0,0.0,PASS
funnel/channel/video_ads/activity_enter,22450.0,22450.0,0.0,0.0,PASS
funnel/channel/video_ads/chapter_2,38313.0,38313.0,0.0,0.0,PASS
funnel/channel/video_ads/chapter_3,27691.0,27691.0,0.0,0.0,PASS
funnel/channel/video_ads/core_loop_unlock,53777.0,53777.0,0.0,0.0,PASS
funnel/channel/video_ads/social_interaction,11500.0,11500.0,0.0,0.0,PASS
funnel/channel/video_ads/tutorial_complete,57378.0,57378.0,0.0,0.0,PASS
funnel/channel/video_ads/tutorial_start,60752.0,60752.0,0.0,0.0,PASS
funnel/device/Android/Register,85832.0,85832.0,0.0,0.0,PASS
funnel/device/Android/activity_enter,29618.0,29618.0,0.0,0.0,PASS
funnel/device/Android/chapter_2,52753.0,52753.0,0.0,0.0,PASS
funnel/device/Android/chapter_3,36794.0,36794.0,0.0,0.0,PASS
funnel/device/Android/core_loop_unlock,75448.0,75448.0,0.0,0.0,PASS
funnel/device/Android/social_interaction,15366.0,15366.0,0.0,0.0,PASS
funnel/device/Android/tutorial_complete,80915.0,80915.0,0.0,0.0,PASS
funnel/device/Android/tutorial_start,85832.0,85832.0,0.0,0.0,PASS
funnel/device/PC/Register,47530.0,47530.0,0.0,0.0,PASS
funnel/device/PC/activity_enter,20611.0,20611.0,0.0,0.0,PASS
funnel/device/PC/chapter_2,31727.0,31727.0,0.0,0.0,PASS
funnel/device/PC/chapter_3,24840.0,24840.0,0.0,0.0,PASS
funnel/device/PC/core_loop_unlock,42625.0,42625.0,0.0,0.0,PASS
funnel/device/PC/social_interaction,11101.0,11101.0,0.0,0.0,PASS
funnel/device/PC/tutorial_complete,45300.0,45300.0,0.0,0.0,PASS
funnel/device/PC/tutorial_start,47530.0,47530.0,0.0,0.0,PASS
funnel/device/iOS/Register,57054.0,57054.0,0.0,0.0,PASS
funnel/device/iOS/activity_enter,21758.0,21758.0,0.0,0.0,PASS
funnel/device/iOS/chapter_2,37048.0,37048.0,0.0,0.0,PASS
funnel/device/iOS/chapter_3,26648.0,26648.0,0.0,0.0,PASS
funnel/device/iOS/core_loop_unlock,50929.0,50929.0,0.0,0.0,PASS
funnel/device/iOS/social_interaction,11599.0,11599.0,0.0,0.0,PASS
funnel/device/iOS/tutorial_complete,54174.0,54174.0,0.0,0.0,PASS
funnel/device/iOS/tutorial_start,57054.0,57054.0,0.0,0.0,PASS
funnel/market/CN/Register,47449.0,47449.0,0.0,0.0,PASS
funnel/market/CN/activity_enter,17918.0,17918.0,0.0,0.0,PASS
funnel/market/CN/chapter_2,30249.0,30249.0,0.0,0.0,PASS
funnel/market/CN/chapter_3,21975.0,21975.0,0.0,0.0,PASS
funnel/market/CN/core_loop_unlock,42173.0,42173.0,0.0,0.0,PASS
funnel/market/CN/social_interaction,9412.0,9412.0,0.0,0.0,PASS
funnel/market/CN/tutorial_complete,44948.0,44948.0,0.0,0.0,PASS
funnel/market/CN/tutorial_start,47449.0,47449.0,0.0,0.0,PASS
funnel/market/DE/Register,28686.0,28686.0,0.0,0.0,PASS
funnel/market/DE/activity_enter,10815.0,10815.0,0.0,0.0,PASS
funnel/market/DE/chapter_2,18276.0,18276.0,0.0,0.0,PASS
funnel/market/DE/chapter_3,13281.0,13281.0,0.0,0.0,PASS
funnel/market/DE/core_loop_unlock,25451.0,25451.0,0.0,0.0,PASS
funnel/market/DE/social_interaction,5735.0,5735.0,0.0,0.0,PASS
funnel/market/DE/tutorial_complete,27136.0,27136.0,0.0,0.0,PASS
funnel/market/DE/tutorial_start,28686.0,28686.0,0.0,0.0,PASS
funnel/market/JP/Register,34163.0,34163.0,0.0,0.0,PASS
funnel/market/JP/activity_enter,13017.0,13017.0,0.0,0.0,PASS
funnel/market/JP/chapter_2,21827.0,21827.0,0.0,0.0,PASS
funnel/market/JP/chapter_3,15906.0,15906.0,0.0,0.0,PASS
funnel/market/JP/core_loop_unlock,30309.0,30309.0,0.0,0.0,PASS
funnel/market/JP/social_interaction,6871.0,6871.0,0.0,0.0,PASS
funnel/market/JP/tutorial_complete,32361.0,32361.0,0.0,0.0,PASS
funnel/market/JP/tutorial_start,34163.0,34163.0,0.0,0.0,PASS
funnel/market/KR/Register,23038.0,23038.0,0.0,0.0,PASS
funnel/market/KR/activity_enter,8761.0,8761.0,0.0,0.0,PASS
funnel/market/KR/chapter_2,14780.0,14780.0,0.0,0.0,PASS
funnel/market/KR/chapter_3,10717.0,10717.0,0.0,0.0,PASS
funnel/market/KR/core_loop_unlock,20489.0,20489.0,0.0,0.0,PASS
funnel/market/KR/social_interaction,4686.0,4686.0,0.0,0.0,PASS
funnel/market/KR/tutorial_complete,21900.0,21900.0,0.0,0.0,PASS
funnel/market/KR/tutorial_start,23038.0,23038.0,0.0,0.0,PASS
funnel/market/US/Register,57080.0,57080.0,0.0,0.0,PASS
funnel/market/US/activity_enter,21476.0,21476.0,0.0,0.0,PASS
funnel/market/US/chapter_2,36396.0,36396.0,0.0,0.0,PASS
funnel/market/US/chapter_3,26403.0,26403.0,0.0,0.0,PASS
funnel/market/US/core_loop_unlock,50580.0,50580.0,0.0,0.0,PASS
funnel/market/US/social_interaction,11362.0,11362.0,0.0,0.0,PASS
funnel/market/US/tutorial_complete,54044.0,54044.0,0.0,0.0,PASS
funnel/market/US/tutorial_start,57080.0,57080.0,0.0,0.0,PASS
funnel/overall/all/Register,190416.0,190416.0,0.0,0.0,PASS
funnel/overall/all/activity_enter,71987.0,71987.0,0.0,0.0,PASS
funnel/overall/all/chapter_2,121528.0,121528.0,0.0,0.0,PASS
funnel/overall/all/chapter_3,88282.0,88282.0,0.0,0.0,PASS
funnel/overall/all/core_loop_unlock,169002.0,169002.0,0.0,0.0,PASS
funnel/overall/all/social_interaction,38066.0,38066.0,0.0,0.0,PASS
funnel/overall/all/tutorial_complete,180389.0,180389.0,0.0,0.0,PASS
funnel/overall/all/tutorial_start,190416.0,190416.0,0.0,0.0,PASS
payer_conversion,0.033185,0.033185,0.0,0.0,PASS
payers,6637.0,6637.0,0.0,0.0,PASS
population/channel/creator/d1,33811.0,33811.0,0.0,0.0,PASS
population/channel/creator/d30,27175.0,27175.0,0.0,0.0,PASS
population/channel/creator/d7,32405.0,32405.0,0.0,0.0,PASS
population/channel/cross_promo/d1,24016.0,24016.0,0.0,0.0,PASS
population/channel/cross_promo/d30,19429.0,19429.0,0.0,0.0,PASS
population/channel/cross_promo/d7,23052.0,23052.0,0.0,0.0,PASS
population/channel/organic/d1,39684.0,39684.0,0.0,0.0,PASS
population/channel/organic/d30,31936.0,31936.0,0.0,0.0,PASS
population/channel/organic/d7,38024.0,38024.0,0.0,0.0,PASS
population/channel/referral/d1,17782.0,17782.0,0.0,0.0,PASS
population/channel/referral/d30,14266.0,14266.0,0.0,0.0,PASS
population/channel/referral/d7,17065.0,17065.0,0.0,0.0,PASS
population/channel/store_feature/d1,19935.0,19935.0,0.0,0.0,PASS
population/channel/store_feature/d30,16088.0,16088.0,0.0,0.0,PASS
population/channel/store_feature/d7,19118.0,19118.0,0.0,0.0,PASS
population/channel/video_ads/d1,63411.0,63411.0,0.0,0.0,PASS
population/channel/video_ads/d30,51096.0,51096.0,0.0,0.0,PASS
population/channel/video_ads/d7,60752.0,60752.0,0.0,0.0,PASS
population/device/Android/d1,89527.0,89527.0,0.0,0.0,PASS
population/device/Android/d30,72043.0,72043.0,0.0,0.0,PASS
population/device/Android/d7,85832.0,85832.0,0.0,0.0,PASS
population/device/PC/d1,49598.0,49598.0,0.0,0.0,PASS
population/device/PC/d30,39905.0,39905.0,0.0,0.0,PASS
population/device/PC/d7,47530.0,47530.0,0.0,0.0,PASS
population/device/iOS/d1,59514.0,59514.0,0.0,0.0,PASS
population/device/iOS/d30,48042.0,48042.0,0.0,0.0,PASS
population/device/iOS/d7,57054.0,57054.0,0.0,0.0,PASS
population/market/CN/d1,49448.0,49448.0,0.0,0.0,PASS
population/market/CN/d30,39849.0,39849.0,0.0,0.0,PASS
population/market/CN/d7,47449.0,47449.0,0.0,0.0,PASS
population/market/DE/d1,29919.0,29919.0,0.0,0.0,PASS
population/market/DE/d30,24112.0,24112.0,0.0,0.0,PASS
population/market/DE/d7,28686.0,28686.0,0.0,0.0,PASS
population/market/JP/d1,35671.0,35671.0,0.0,0.0,PASS
population/market/JP/d30,28655.0,28655.0,0.0,0.0,PASS
population/market/JP/d7,34163.0,34163.0,0.0,0.0,PASS
population/market/KR/d1,24009.0,24009.0,0.0,0.0,PASS
population/market/KR/d30,19384.0,19384.0,0.0,0.0,PASS
population/market/KR/d7,23038.0,23038.0,0.0,0.0,PASS
population/market/US/d1,59592.0,59592.0,0.0,0.0,PASS
population/market/US/d30,47990.0,47990.0,0.0,0.0,PASS
population/market/US/d7,57080.0,57080.0,0.0,0.0,PASS
population/patch/post_patch1/d1,65071.0,65071.0,0.0,0.0,PASS
population/patch/post_patch1/d30,65071.0,65071.0,0.0,0.0,PASS
population/patch/post_patch1/d7,65071.0,65071.0,0.0,0.0,PASS
population/patch/post_patch2/d1,79519.0,79519.0,0.0,0.0,PASS
population/patch/post_patch2/d30,40870.0,40870.0,0.0,0.0,PASS
population/patch/post_patch2/d7,71296.0,71296.0,0.0,0.0,PASS
population/patch/pre_patch1/d1,54049.0,54049.0,0.0,0.0,PASS
population/patch/pre_patch1/d30,54049.0,54049.0,0.0,0.0,PASS
population/patch/pre_patch1/d7,54049.0,54049.0,0.0,0.0,PASS
reactivation/eligible,68635.0,68635.0,0.0,0.0,PASS
reactivation/post_return_days7,2.5505917159763314,2.5505917159763314,0.0,0.0,PASS
reactivation/profile/0/history_chapter,2.1635695358577656,2.1635695358577656,0.0,0.0,PASS
reactivation/profile/0/history_days,4.991195828703308,4.991195828703308,0.0,0.0,PASS
reactivation/profile/0/history_minutes,252.5210519833983,252.52105198339862,3.126388037344441e-13,1.2380702570294922e-15,PASS
reactivation/profile/0/history_social,0.8251474484998718,0.8251474484998718,0.0,0.0,PASS
reactivation/profile/0/history_spend,0.2033105393623362,0.20331053936233864,2.4424906541753444e-15,1.2013595860971842e-14,PASS
reactivation/profile/0/n,58495.0,58495.0,0.0,0.0,PASS
reactivation/profile/1/history_chapter,2.4399408284023667,2.4399408284023667,0.0,0.0,PASS
reactivation/profile/1/history_days,6.298126232741617,6.298126232741617,0.0,0.0,PASS
reactivation/profile/1/history_minutes,324.23838767021647,324.2383876702168,3.410605131648481e-13,1.0518819675100936e-15,PASS
reactivation/profile/1/history_social,1.20069033530572,1.20069033530572,0.0,0.0,PASS
reactivation/profile/1/history_spend,0.3103106508875742,0.3103106508875739,2.7755575615628914e-16,8.944448260554479e-16,PASS
reactivation/profile/1/n,10140.0,10140.0,0.0,0.0,PASS
reactivation/returned,10140.0,10140.0,0.0,0.0,PASS
retention/channel/creator/d1,0.32936026736860785,0.32936026736860785,0.0,0.0,PASS
retention/channel/creator/d30,0.10980680772769089,0.10980680772769089,0.0,0.0,PASS
retention/channel/creator/d7,0.17065267705600987,0.17065267705600987,0.0,0.0,PASS
retention/channel/cross_promo/d1,0.32007828114590275,0.32007828114590275,0.0,0.0,PASS
retention/channel/cross_promo/d30,0.10226980287199547,0.10226980287199547,0.0,0.0,PASS
retention/channel/cross_promo/d7,0.16744750997744232,0.16744750997744232,0.0,0.0,PASS
retention/channel/organic/d1,0.324841245842153,0.324841245842153,0.0,0.0,PASS
retention/channel/organic/d30,0.10602454909819639,0.10602454909819639,0.0,0.0,PASS
retention/channel/organic/d7,0.17415316642120765,0.17415316642120765,0.0,0.0,PASS
retention/channel/referral/d1,0.3315150151838938,0.3315150151838938,0.0,0.0,PASS
retention/channel/referral/d30,0.1066171316416655,0.1066171316416655,0.0,0.0,PASS
retention/channel/referral/d7,0.1778493993554058,0.1778493993554058,0.0,0.0,PASS
retention/channel/store_feature/d1,0.31316779533483824,0.31316779533483824,0.0,0.0,PASS
retention/channel/store_feature/d30,0.10187717553455992,0.10187717553455992,0.0,0.0,PASS
retention/channel/store_feature/d7,0.17140914321581754,0.17140914321581754,0.0,0.0,PASS
retention/channel/video_ads/d1,0.31262714670956143,0.31262714670956143,0.0,0.0,PASS
retention/channel/video_ads/d30,0.10143651166431815,0.10143651166431815,0.0,0.0,PASS
retention/channel/video_ads/d7,0.16554187516460364,0.16554187516460364,0.0,0.0,PASS
retention/d0,1.0,1.0,0.0,0.0,PASS
retention/d1,0.320561420466273,0.320561420466273,0.0,0.0,PASS
retention/d10,0.15013469567363935,0.15013469567363935,0.0,0.0,PASS
retention/d11,0.14440642046591087,0.14440642046591087,0.0,0.0,PASS
retention/d12,0.14022045768933328,0.14022045768933328,0.0,0.0,PASS
retention/d13,0.13709279232820198,0.13709279232820198,0.0,0.0,PASS
retention/d14,0.13486896643197419,0.13486896643197419,0.0,0.0,PASS
retention/d15,0.13110638582116138,0.13110638582116138,0.0,0.0,PASS
retention/d16,0.12988178793642244,0.12988178793642244,0.0,0.0,PASS
retention/d17,0.1268234509498053,0.1268234509498053,0.0,0.0,PASS
retention/d18,0.12411919179260492,0.12411919179260492,0.0,0.0,PASS
retention/d19,0.12296761382223471,0.12296761382223471,0.0,0.0,PASS
retention/d2,0.2692734542469252,0.2692734542469252,0.0,0.0,PASS
retention/d20,0.12087448250341143,0.12087448250341143,0.0,0.0,PASS
retention/d21,0.11827963253155929,0.11827963253155929,0.0,0.0,PASS
retention/d22,0.11747782024860111,0.11747782024860111,0.0,0.0,PASS
retention/d23,0.11471072227681162,0.11471072227681162,0.0,0.0,PASS
retention/d24,0.11364991532902426,0.11364991532902426,0.0,0.0,PASS
retention/d25,0.11144031635756096,0.11144031635756096,0.0,0.0,PASS
retention/d26,0.1101306912464723,0.1101306912464723,0.0,0.0,PASS
retention/d27,0.10849718672573933,0.10849718672573933,0.0,0.0,PASS
retention/d28,0.10685516104832064,0.10685516104832064,0.0,0.0,PASS
retention/d29,0.10553623565730014,0.10553623565730014,0.0,0.0,PASS
retention/d3,0.23520284203434125,0.23520284203434125,0.0,0.0,PASS
retention/d30,0.10438152384524033,0.10438152384524033,0.0,0.0,PASS
retention/d4,0.21017755981205596,0.21017755981205596,0.0,0.0,PASS
retention/d5,0.1929270439600269,0.1929270439600269,0.0,0.0,PASS
retention/d6,0.18007403159376467,0.18007403159376467,0.0,0.0,PASS
retention/d7,0.17005398705991093,0.17005398705991093,0.0,0.0,PASS
retention/d8,0.16226177633944625,0.16226177633944625,0.0,0.0,PASS
retention/d9,0.15579503625060595,0.15579503625060595,0.0,0.0,PASS
retention/device/Android/d1,0.29620114602298747,0.29620114602298747,0.0,0.0,PASS
retention/device/Android/d30,0.09919076107324792,0.09919076107324792,0.0,0.0,PASS
retention/device/Android/d7,0.15567620467890764,0.15567620467890764,0.0,0.0,PASS
retention/device/PC/d1,0.35124400177426507,0.35124400177426507,0.0,0.0,PASS
retention/device/PC/d30,0.10853276531762937,0.10853276531762937,0.0,0.0,PASS
retention/device/PC/d7,0.1886387544708605,0.1886387544708605,0.0,0.0,PASS
retention/device/iOS/d1,0.33163625365460225,0.33163625365460225,0.0,0.0,PASS
retention/device/iOS/d30,0.10871737229923817,0.10871737229923817,0.0,0.0,PASS
retention/device/iOS/d7,0.17620149332211588,0.17620149332211588,0.0,0.0,PASS
retention/eligible/d0,200000.0,200000.0,0.0,0.0,PASS
retention/eligible/d1,198639.0,198639.0,0.0,0.0,PASS
retention/eligible/d10,186346.0,186346.0,0.0,0.0,PASS
retention/eligible/d11,184971.0,184971.0,0.0,0.0,PASS
retention/eligible/d12,183618.0,183618.0,0.0,0.0,PASS
retention/eligible/d13,182278.0,182278.0,0.0,0.0,PASS
retention/eligible/d14,180946.0,180946.0,0.0,0.0,PASS
retention/eligible/d15,179648.0,179648.0,0.0,0.0,PASS
retention/eligible/d16,178239.0,178239.0,0.0,0.0,PASS
retention/eligible/d17,176931.0,176931.0,0.0,0.0,PASS
retention/eligible/d18,175549.0,175549.0,0.0,0.0,PASS
retention/eligible/d19,174241.0,174241.0,0.0,0.0,PASS
retention/eligible/d2,197331.0,197331.0,0.0,0.0,PASS
retention/eligible/d20,172948.0,172948.0,0.0,0.0,PASS
retention/eligible/d21,171661.0,171661.0,0.0,0.0,PASS
retention/eligible/d22,170313.0,170313.0,0.0,0.0,PASS
retention/eligible/d23,168938.0,168938.0,0.0,0.0,PASS
retention/eligible/d24,167708.0,167708.0,0.0,0.0,PASS
retention/eligible/d25,166394.0,166394.0,0.0,0.0,PASS
retention/eligible/d26,165122.0,165122.0,0.0,0.0,PASS
retention/eligible/d27,163866.0,163866.0,0.0,0.0,PASS
retention/eligible/d28,162622.0,162622.0,0.0,0.0,PASS
retention/eligible/d29,161319.0,161319.0,0.0,0.0,PASS
retention/eligible/d3,195916.0,195916.0,0.0,0.0,PASS
retention/eligible/d30,159990.0,159990.0,0.0,0.0,PASS
retention/eligible/d4,194526.0,194526.0,0.0,0.0,PASS
retention/eligible/d5,193130.0,193130.0,0.0,0.0,PASS
retention/eligible/d6,191810.0,191810.0,0.0,0.0,PASS
retention/eligible/d7,190416.0,190416.0,0.0,0.0,PASS
retention/eligible/d8,189108.0,189108.0,0.0,0.0,PASS
retention/eligible/d9,187721.0,187721.0,0.0,0.0,PASS
retention/market/CN/d1,0.31902200291215016,0.31902200291215016,0.0,0.0,PASS
retention/market/CN/d30,0.10637657155763006,0.10637657155763006,0.0,0.0,PASS
retention/market/CN/d7,0.17079390503487957,0.17079390503487957,0.0,0.0,PASS
retention/market/DE/d1,0.31782479360941207,0.31782479360941207,0.0,0.0,PASS
retention/market/DE/d30,0.09920371599203716,0.09920371599203716,0.0,0.0,PASS
retention/market/DE/d7,0.17011782751167817,0.17011782751167817,0.0,0.0,PASS
retention/market/JP/d1,0.3224468055283003,0.3224468055283003,0.0,0.0,PASS
retention/market/JP/d30,0.1083580526958646,0.1083580526958646,0.0,0.0,PASS
retention/market/JP/d7,0.17027193162193016,0.17027193162193016,0.0,0.0,PASS
retention/market/KR/d1,0.32412845183056355,0.32412845183056355,0.0,0.0,PASS
retention/market/KR/d30,0.1039001238134544,0.1039001238134544,0.0,0.0,PASS
retention/market/KR/d7,0.17084816390311658,0.17084816390311658,0.0,0.0,PASS
retention/market/US/d1,0.32064706672036514,0.32064706672036514,0.0,0.0,PASS
retention/market/US/d30,0.10314648885184413,0.10314648885184413,0.0,0.0,PASS
retention/market/US/d7,0.16895585143658023,0.16895585143658023,0.0,0.0,PASS
retention/patch/post_patch1/d1,0.3226936730648061,0.3226936730648061,0.0,0.0,PASS
retention/patch/post_patch1/d30,0.10705229672204208,0.10705229672204208,0.0,0.0,PASS
retention/patch/post_patch1/d7,0.17093636182016567,0.17093636182016567,0.0,0.0,PASS
retention/patch/post_patch2/d1,0.31994869150769,0.31994869150769,0.0,0.0,PASS
retention/patch/post_patch2/d30,0.10298507462686567,0.10298507462686567,0.0,0.0,PASS
retention/patch/post_patch2/d7,0.16996745960502693,0.16996745960502693,0.0,0.0,PASS
retention/patch/pre_patch1/d1,0.31889581675886697,0.31889581675886697,0.0,0.0,PASS
retention/patch/pre_patch1/d30,0.10222205776240079,0.10222205776240079,0.0,0.0,PASS
retention/patch/pre_patch1/d7,0.16910581139336528,0.16910581139336528,0.0,0.0,PASS
return_rate,0.14773803453048737,0.14773803453048737,0.0,0.0,PASS
revenue,84810.84,84810.84,0.0,0.0,PASS
segment/At-Risk Users,141950.0,141950.0,0.0,0.0,PASS
segment/Core Engaged Users,25466.0,25466.0,0.0,0.0,PASS
segment/Healthy New Users,7752.0,7752.0,0.0,0.0,PASS
segment/High-Value Users,27.0,27.0,0.0,0.0,PASS
segment/Highly Engaged Non-Payers,7595.0,7595.0,0.0,0.0,PASS
segment/New & Unactivated,1832.0,1832.0,0.0,0.0,PASS
segment/Returning Users,15378.0,15378.0,0.0,0.0,PASS
session_diagnostics/active_user_days,1805910.0,1805910.0,0.0,0.0,PASS
session_diagnostics/multi_session_day_fraction,0.32612533293464235,0.32612533293464235,0.0,0.0,PASS
session_diagnostics/sessions,2419602.0,2419602.0,0.0,0.0,PASS
session_diagnostics/sessions_per_active_day,1.3398242437330763,1.3398242437330763,0.0,0.0,PASS
users,200000.0,200000.0,0.0,0.0,PASS
feature/sessions_d0_7/max_diff,0.0,0.0,0.0,0.0,PASS
feature/active_days_d0_7/max_diff,0.0,0.0,0.0,0.0,PASS
feature/total_minutes_d0_7/max_diff,0.0,2.2737367544323206e-13,2.2737367544323206e-13,4.303790349534645e-16,PASS
feature/avg_session_minutes/max_diff,0.0,2.1316282072803006e-14,2.1316282072803006e-14,2.80291117656309e-16,PASS
feature/tutorial_completed/max_diff,0.0,0.0,0.0,0.0,PASS
feature/core_loop_unlocked/max_diff,0.0,0.0,0.0,0.0,PASS
feature/chapter_reached_d7/max_diff,0.0,0.0,0.0,0.0,PASS
feature/boss_attempts_d0_7/max_diff,0.0,0.0,0.0,0.0,PASS
feature/boss_failure_rate_d0_7/max_diff,0.0,0.0,0.0,0.0,PASS
feature/social_interactions_d0_7/max_diff,0.0,0.0,0.0,0.0,PASS
feature/activity_participation_d0_7/max_diff,0.0,0.0,0.0,0.0,PASS
feature/crash_rate_d0_7/max_diff,0.0,0.0,0.0,0.0,PASS
feature/fps_quality/max_diff,0.0,4.440892098500626e-16,4.440892098500626e-16,1.4802973661668753e-16,PASS
feature/first_purchase_flag_d0_7/max_diff,0.0,0.0,0.0,0.0,PASS
feature/spend_d0_7/max_diff,0.0,0.0,0.0,0.0,PASS
feature/registration_week/max_diff,0.0,0.0,0.0,0.0,PASS
feature/churn_30/max_diff,0.0,0.0,0.0,0.0,PASS
feature/max_feature_day/max_diff,0.0,0.0,0.0,0.0,PASS
